codigo_municipio_ibge,municipio,idhm
1100015,ALTA FLORESTA D'OESTE,0.641
1100023,ARIQUEMES,0.702
1100031,CABIXI,0.65
1100049,CACOAL,0.718
1100056,CEREJEIRAS,0.692
1100064,COLORADO DO OESTE,0.685
1100072,CORUMBIARA,0.613
1100080,COSTA MARQUES,0.611
1100098,ESPIGÃO D'OESTE,0.672
1100106,GUAJARÁ-MIRIM,0.657
1100114,JARU,0.689
1100122,JI-PARANÁ,0.714
1100130,MACHADINHO D'OESTE,0.596
1100148,NOVA BRASILÂNDIA D'OESTE,0.643
1100155,OURO PRETO DO OESTE,0.682
1100189,PIMENTA BUENO,0.71
1100205,PORTO VELHO,0.736
1100254,PRESIDENTE MÉDICI,0.664
1100262,RIO CRESPO,0.643
1100288,ROLIM DE MOURA,0.7
1100296,SANTA LUZIA D'OESTE,0.67
1100304,VILHENA,0.731
1100320,SÃO MIGUEL DO GUAPORÉ,0.646
1100338,NOVA MAMORÉ,0.587
1100346,ALVORADA D'OESTE,0.643
1100379,ALTO ALEGRE DOS PARECIS,0.592
1100403,ALTO PARAÍSO,0.625
1100452,BURITIS,0.616
1100502,NOVO HORIZONTE DO OESTE,0.634
1100601,CACAULÂNDIA,0.646
1100700,CAMPO NOVO DE RONDÔNIA,0.593
1100809,CANDEIAS DO JAMARI,0.649
1100908,CASTANHEIRAS,0.658
1100924,CHUPINGUAIA,0.652
1100940,CUJUBIM,0.612
1101005,GOVERNADOR JORGE TEIXEIRA,0.596
1101104,ITAPUÃ DO OESTE,0.614
1101203,MINISTRO ANDREAZZA,0.638
1101302,MIRANTE DA SERRA,0.643
1101401,MONTE NEGRO,0.607
1101435,NOVA UNIÃO,0.587
1101450,PARECIS,0.617
1101468,PIMENTEIRAS DO OESTE,0.665
1101476,PRIMAVERA DE RONDÔNIA,0.641
1101484,SÃO FELIPE D'OESTE,0.649
1101492,SÃO FRANCISCO DO GUAPORÉ,0.611
1101500,SERINGUEIRAS,0.598
1101559,TEIXEIRÓPOLIS,0.643
1101609,THEOBROMA,0.589
1101708,URUPÁ,0.609
1101757,VALE DO ANARI,0.584
1101807,VALE DO PARAÍSO,0.627
1200013,ACRELÂNDIA,0.604
1200054,ASSIS BRASIL,0.588
1200104,BRASILÉIA,0.614
1200138,BUJARI,0.589
1200179,CAPIXABA,0.575
1200203,CRUZEIRO DO SUL,0.664
1200252,EPITACIOLÂNDIA,0.653
1200302,FEIJÓ,0.539
1200328,JORDÃO,0.469
1200336,MÂNCIO LIMA,0.625
1200344,MANOEL URBANO,0.551
1200351,MARECHAL THAUMATURGO,0.501
1200385,PLÁCIDO DE CASTRO,0.622
1200393,PORTO WALTER,0.532
1200401,RIO BRANCO,0.727
1200427,RODRIGUES ALVES,0.567
1200435,SANTA ROSA DO PURUS,0.517
1200450,SENADOR GUIOMARD,0.64
1200500,SENA MADUREIRA,0.603
1200609,TARAUACÁ,0.539
1200708,XAPURI,0.599
1200807,PORTO ACRE,0.576
1300029,ALVARÃES,0.527
1300060,AMATURÁ,0.56
1300086,ANAMÃ,0.594
1300102,ANORI,0.561
1300144,APUÍ,0.637
1300201,ATALAIA DO NORTE,0.45
1300300,AUTAZES,0.577
1300409,BARCELOS,0.5
1300508,BARREIRINHA,0.574
1300607,BENJAMIN CONSTANT,0.574
1300631,BERURI,0.506
1300680,BOA VISTA DO RAMOS,0.565
1300706,BOCA DO ACRE,0.588
1300805,BORBA,0.56
1300839,CAAPIRANGA,0.569
1300904,CANUTAMA,0.53
1301001,CARAUARI,0.549
1301100,CAREIRO,0.557
1301159,CAREIRO DA VÁRZEA,0.568
1301209,COARI,0.586
1301308,CODAJÁS,0.563
1301407,EIRUNEPÉ,0.563
1301506,ENVIRA,0.509
1301605,FONTE BOA,0.53
1301654,GUAJARÁ,0.532
1301704,HUMAITÁ,0.605
1301803,IPIXUNA,0.481
1301852,IRANDUBA,0.613
1301902,ITACOATIARA,0.644
1301951,ITAMARATI,0.477
1302009,ITAPIRANGA,0.654
1302108,JAPURÁ,0.522
1302207,JURUÁ,0.522
1302306,JUTAÍ,0.516
1302405,LÁBREA,0.531
1302504,MANACAPURU,0.614
1302553,MANAQUIRI,0.596
1302603,MANAUS,0.737
1302702,MANICORÉ,0.582
1302801,MARAÃ,0.498
1302900,MAUÉS,0.588
1303007,NHAMUNDÁ,0.586
1303106,NOVA OLINDA DO NORTE,0.558
1303205,NOVO AIRÃO,0.57
1303304,NOVO ARIPUANÃ,0.554
1303403,PARINTINS,0.658
1303502,PAUINI,0.496
1303536,PRESIDENTE FIGUEIREDO,0.647
1303569,RIO PRETO DA EVA,0.611
1303601,SANTA ISABEL DO RIO NEGRO,0.479
1303700,SANTO ANTÔNIO DO IÇÁ,0.49
1303809,SÃO GABRIEL DA CACHOEIRA,0.609
1303908,SÃO PAULO DE OLIVENÇA,0.521
1303957,SÃO SEBASTIÃO DO UATUMÃ,0.577
1304005,SILVES,0.632
1304062,TABATINGA,0.616
1304104,TAPAUÁ,0.502
1304203,TEFÉ,0.639
1304237,TONANTINS,0.548
1304260,UARINI,0.527
1304302,URUCARÁ,0.62
1304401,URUCURITUBA,0.588
1400027,AMAJARI,0.484
1400050,ALTO ALEGRE,0.542
1400100,BOA VISTA,0.752
1400159,BONFIM,0.626
1400175,CANTÁ,0.619
1400209,CARACARAÍ,0.624
1400233,CAROEBE,0.639
1400282,IRACEMA,0.582
1400308,MUCAJAÍ,0.665
1400407,NORMANDIA,0.594
1400456,PACARAIMA,0.65
1400472,RORAINÓPOLIS,0.619
1400506,SÃO JOÃO DA BALIZA,0.655
1400605,SÃO LUIZ,0.649
1400704,UIRAMUTÃ,0.453
1500107,ABAETETUBA,0.628
1500131,ABEL FIGUEIREDO,0.622
1500206,ACARÁ,0.506
1500305,AFUÁ,0.489
1500347,ÁGUA AZUL DO NORTE,0.564
1500404,ALENQUER,0.564
1500503,ALMEIRIM,0.642
1500602,ALTAMIRA,0.665
1500701,ANAJÁS,0.484
1500800,ANANINDEUA,0.718
1500859,ANAPU,0.548
1500909,AUGUSTO CORRÊA,0.52
1500958,AURORA DO PARÁ,0.519
1501006,AVEIRO,0.541
1501105,BAGRE,0.471
1501204,BAIÃO,0.578
1501253,BANNACH,0.594
1501303,BARCARENA,0.662
1501402,BELÉM,0.746
1501451,BELTERRA,0.588
1501501,BENEVIDES,0.665
1501576,BOM JESUS DO TOCANTINS,0.589
1501600,BONITO,0.546
1501709,BRAGANÇA,0.6
1501725,BRASIL NOVO,0.613
1501758,BREJO GRANDE DO ARAGUAIA,0.591
1501782,BREU BRANCO,0.568
1501808,BREVES,0.503
1501907,BUJARU,0.552
1501956,CACHOEIRA DO PIRIÁ,0.473
1502004,CACHOEIRA DO ARARI,0.546
1502103,CAMETÁ,0.577
1502152,CANAÃ DOS CARAJÁS,0.673
1502202,CAPANEMA,0.655
1502301,CAPITÃO POÇO,0.548
1502400,CASTANHAL,0.673
1502509,CHAVES,0.453
1502608,COLARES,0.602
1502707,CONCEIÇÃO DO ARAGUAIA,0.64
1502756,CONCÓRDIA DO PARÁ,0.566
1502764,CUMARU DO NORTE,0.55
1502772,CURIONÓPOLIS,0.636
1502806,CURRALINHO,0.502
1502855,CURUÁ,0.578
1502905,CURUÇÁ,0.582
1502939,DOM ELISEU,0.615
1502954,ELDORADO DOS CARAJÁS,0.56
1503002,FARO,0.563
1503044,FLORESTA DO ARAGUAIA,0.583
1503077,GARRAFÃO DO NORTE,0.526
1503093,GOIANÉSIA DO PARÁ,0.56
1503101,GURUPÁ,0.509
1503200,IGARAPÉ-AÇU,0.595
1503309,IGARAPÉ-MIRI,0.547
1503408,INHANGAPI,0.572
1503457,IPIXUNA DO PARÁ,0.489
1503507,IRITUIA,0.559
1503606,ITAITUBA,0.64
1503705,ITUPIRANGA,0.528
1503754,JACAREACANGA,0.505
1503804,JACUNDÁ,0.622
1503903,JURUTI,0.592
1504000,LIMOEIRO DO AJURU,0.541
1504059,MÃE DO RIO,0.599
1504109,MAGALHÃES BARATA,0.597
1504208,MARABÁ,0.668
1504307,MARACANÃ,0.57
1504406,MARAPANIM,0.609
1504422,MARITUBA,0.676
1504455,MEDICILÂNDIA,0.582
1504505,MELGAÇO,0.418
1504604,MOCAJUBA,0.575
1504703,MOJU,0.547
1504802,MONTE ALEGRE,0.589
1504901,MUANÁ,0.547
1504950,NOVA ESPERANÇA DO PIRIÁ,0.502
1504976,NOVA IPIXUNA,0.581
1505007,NOVA TIMBOTEUA,0.609
1505031,NOVO PROGRESSO,0.673
1505064,NOVO REPARTIMENTO,0.537
1505106,ÓBIDOS,0.594
1505205,OEIRAS DO PARÁ,0.507
1505304,ORIXIMINÁ,0.623
1505403,OURÉM,0.568
1505437,OURILÂNDIA DO NORTE,0.624
1505486,PACAJÁ,0.515
1505494,PALESTINA DO PARÁ,0.589
1505502,PARAGOMINAS,0.645
1505536,PARAUAPEBAS,0.715
1505551,PAU D'ARCO,0.574
1505601,PEIXE-BOI,0.581
1505635,PIÇARRA,0.563
1505650,PLACAS,0.552
1505700,PONTA DE PEDRAS,0.562
1505809,PORTEL,0.483
1505908,PORTO DE MOZ,0.503
1506005,PRAINHA,0.523
1506104,PRIMAVERA,0.577
1506112,QUATIPURU,0.543
1506138,REDENÇÃO,0.672
1506161,RIO MARIA,0.638
1506187,RONDON DO PARÁ,0.602
1506195,RURÓPOLIS,0.548
1506203,SALINÓPOLIS,0.647
1506302,SALVATERRA,0.608
1506351,SANTA BÁRBARA DO PARÁ,0.627
1506401,SANTA CRUZ DO ARARI,0.557
1506500,SANTA ISABEL DO PARÁ,0.659
1506559,SANTA LUZIA DO PARÁ,0.546
1506583,SANTA MARIA DAS BARREIRAS,0.544
1506609,SANTA MARIA DO PARÁ,0.598
1506708,SANTANA DO ARAGUAIA,0.602
1506807,SANTARÉM,0.691
1506906,SANTARÉM NOVO,0.587
1507003,SANTO ANTÔNIO DO TAUÁ,0.632
1507102,SÃO CAETANO DE ODIVELAS,0.585
1507151,SÃO DOMINGOS DO ARAGUAIA,0.594
1507201,SÃO DOMINGOS DO CAPIM,0.532
1507300,SÃO FÉLIX DO XINGU,0.594
1507409,SÃO FRANCISCO DO PARÁ,0.608
1507458,SÃO GERALDO DO ARAGUAIA,0.595
1507466,SÃO JOÃO DA PONTA,0.583
1507474,SÃO JOÃO DE PIRABAS,0.539
1507508,SÃO JOÃO DO ARAGUAIA,0.55
1507607,SÃO MIGUEL DO GUAMÁ,0.591
1507706,SÃO SEBASTIÃO DA BOA VISTA,0.558
1507755,SAPUCAIA,0.59
1507805,SENADOR JOSÉ PORFÍRIO,0.514
1507904,SOURE,0.615
1507953,TAILÂNDIA,0.588
1507961,TERRA ALTA,0.605
1507979,TERRA SANTA,0.635
1508001,TOMÉ-AÇU,0.586
1508035,TRACUATEUA,0.531
1508050,TRAIRÃO,0.562
1508084,TUCUMÃ,0.659
1508100,TUCURUÍ,0.666
1508126,ULIANÓPOLIS,0.604
1508159,URUARÁ,0.589
1508209,VIGIA,0.617
1508308,VISEU,0.515
1508357,VITÓRIA DO XINGU,0.596
1508407,XINGUARA,0.646
1600055,SERRA DO NAVIO,0.709
1600105,AMAPÁ,0.642
1600154,PEDRA BRANCA DO AMAPARI,0.626
1600204,CALÇOENE,0.643
1600212,CUTIAS,0.628
1600238,FERREIRA GOMES,0.656
1600253,ITAUBAL,0.576
1600279,LARANJAL DO JARI,0.665
1600303,MACAPÁ,0.733
1600402,MAZAGÃO,0.592
1600501,OIAPOQUE,0.658
1600535,PORTO GRANDE,0.64
1600550,PRACUÚBA,0.614
1600600,SANTANA,0.692
1600709,TARTARUGALZINHO,0.592
1600808,VITÓRIA DO JARI,0.619
1700251,ABREULÂNDIA,0.665
1700301,AGUIARNÓPOLIS,0.657
1700350,ALIANÇA DO TOCANTINS,0.663
1700400,ALMAS,0.636
1700707,ALVORADA,0.708
1701002,ANANÁS,0.671
1701051,ANGICO,0.648
1701101,APARECIDA DO RIO NEGRO,0.651
1701309,ARAGOMINAS,0.593
1701903,ARAGUACEMA,0.639
1702000,ARAGUAÇU,0.675
1702109,ARAGUAÍNA,0.752
1702158,ARAGUANÃ,0.604
1702208,ARAGUATINS,0.631
1702307,ARAPOEMA,0.68
1702406,ARRAIAS,0.651
1702554,AUGUSTINÓPOLIS,0.67
1702703,AURORA DO TOCANTINS,0.677
1702901,AXIXÁ DO TOCANTINS,0.627
1703008,BABAÇULÂNDIA,0.642
1703057,BANDEIRANTES DO TOCANTINS,0.638
1703073,BARRA DO OURO,0.603
1703107,BARROLÂNDIA,0.642
1703206,BERNARDO SAYÃO,0.638
1703305,BOM JESUS DO TOCANTINS,0.66
1703602,BRASILÂNDIA DO TOCANTINS,0.684
1703701,BREJINHO DE NAZARÉ,0.686
1703800,BURITI DO TOCANTINS,0.627
1703826,CACHOEIRINHA,0.627
1703842,CAMPOS LINDOS,0.544
1703867,CARIRI DO TOCANTINS,0.662
1703883,CARMOLÂNDIA,0.64
1703891,CARRASCO BONITO,0.594
1703909,CASEARA,0.658
1704105,CENTENÁRIO,0.569
1704600,CHAPADA DE AREIA,0.619
1705102,CHAPADA DA NATIVIDADE,0.62
1705508,COLINAS DO TOCANTINS,0.701
1705557,COMBINADO,0.697
1705607,CONCEIÇÃO DO TOCANTINS,0.592
1706001,COUTO MAGALHÃES,0.605
1706100,CRISTALÂNDIA,0.673
1706258,CRIXÁS DO TOCANTINS,0.644
1706506,DARCINÓPOLIS,0.581
1707009,DIANÓPOLIS,0.701
1707108,DIVINÓPOLIS DO TOCANTINS,0.683
1707207,DOIS IRMÃOS DO TOCANTINS,0.583
1707306,DUERÉ,0.679
1707405,ESPERANTINA,0.57
1707553,FÁTIMA,0.697
1707652,FIGUEIRÓPOLIS,0.689
1707702,FILADÉLFIA,0.621
1708205,FORMOSO DO ARAGUAIA,0.67
1708254,FORTALEZA DO TABOCÃO,0.659
1708304,GOIANORTE,0.621
1709005,GOIATINS,0.576
1709302,GUARAÍ,0.741
1709500,GURUPI,0.759
1709807,IPUEIRAS,0.62
1710508,ITACAJÁ,0.612
1710706,ITAGUATINS,0.616
1710904,ITAPIRATINS,0.601
1711100,ITAPORÃ DO TOCANTINS,0.65
1711506,JAÚ DO TOCANTINS,0.662
1711803,JUARINA,0.584
1711902,LAGOA DA CONFUSÃO,0.627
1711951,LAGOA DO TOCANTINS,0.579
1712009,LAJEADO,0.675
1712157,LAVANDEIRA,0.66
1712405,LIZARDA,0.57
1712454,LUZINÓPOLIS,0.639
1712504,MARIANÓPOLIS DO TOCANTINS,0.631
1712702,MATEIROS,0.607
1712801,MAURILÂNDIA DO TOCANTINS,0.58
1713205,MIRACEMA DO TOCANTINS,0.684
1713304,MIRANORTE,0.662
1713601,MONTE DO CARMO,0.622
1713700,MONTE SANTO DO TOCANTINS,0.62
1713809,PALMEIRAS DO TOCANTINS,0.628
1713957,MURICILÂNDIA,0.596
1714203,NATIVIDADE,0.673
1714302,NAZARÉ,0.643
1714880,NOVA OLINDA,0.631
1715002,NOVA ROSALÂNDIA,0.661
1715101,NOVO ACORDO,0.639
1715150,NOVO ALEGRE,0.699
1715259,NOVO JARDIM,0.596
1715507,OLIVEIRA DE FÁTIMA,0.675
1715705,PALMEIRANTE,0.571
1715754,PALMEIRÓPOLIS,0.673
1716109,PARAÍSO DO TOCANTINS,0.764
1716208,PARANÃ,0.595
1716307,PAU D'ARCO,0.661
1716505,PEDRO AFONSO,0.732
1716604,PEIXE,0.674
1716653,PEQUIZEIRO,0.627
1716703,COLMÉIA,0.671
1717008,PINDORAMA DO TOCANTINS,0.605
1717206,PIRAQUÊ,0.621
1717503,PIUM,0.65
1717800,PONTE ALTA DO BOM JESUS,0.603
1717909,PONTE ALTA DO TOCANTINS,0.624
1718006,PORTO ALEGRE DO TOCANTINS,0.645
1718204,PORTO NACIONAL,0.74
1718303,PRAIA NORTE,0.583
1718402,PRESIDENTE KENNEDY,0.669
1718451,PUGMIL,0.669
1718501,RECURSOLÂNDIA,0.5
1718550,RIACHINHO,0.572
1718659,RIO DA CONCEIÇÃO,0.608
1718709,RIO DOS BOIS,0.616
1718758,RIO SONO,0.6
1718808,SAMPAIO,0.606
1718840,SANDOLÂNDIA,0.659
1718865,SANTA FÉ DO ARAGUAIA,0.616
1718881,SANTA MARIA DO TOCANTINS,0.634
1718899,SANTA RITA DO TOCANTINS,0.651
1718907,SANTA ROSA DO TOCANTINS,0.595
1719004,SANTA TEREZA DO TOCANTINS,0.662
1720002,SANTA TEREZINHA DO TOCANTINS,0.637
1720101,SÃO BENTO DO TOCANTINS,0.605
1720150,SÃO FÉLIX DO TOCANTINS,0.574
1720200,SÃO MIGUEL DO TOCANTINS,0.623
1720259,SÃO SALVADOR DO TOCANTINS,0.605
1720309,SÃO SEBASTIÃO DO TOCANTINS,0.573
1720499,SÃO VALÉRIO,0.643
1720655,SILVANÓPOLIS,0.675
1720804,SÍTIO NOVO DO TOCANTINS,0.604
1720853,SUCUPIRA,0.667
1720903,TAGUATINGA,0.634
1720937,TAIPAS DO TOCANTINS,0.601
1720978,TALISMÃ,0.654
1721000,PALMAS,0.788
1721109,TOCANTÍNIA,0.589
1721208,TOCANTINÓPOLIS,0.681
1721257,TUPIRAMA,0.67
1721307,TUPIRATINS,0.587
1722081,WANDERLÂNDIA,0.638
1722107,XAMBIOÁ,0.671
2100055,AÇAILÂNDIA,0.672
2100105,AFONSO CUNHA,0.529
2100154,ÁGUA DOCE DO MARANHÃO,0.5
2100204,ALCÂNTARA,0.573
2100303,ALDEIAS ALTAS,0.513
2100402,ALTAMIRA DO MARANHÃO,0.549
2100436,ALTO ALEGRE DO MARANHÃO,0.554
2100477,ALTO ALEGRE DO PINDARÉ,0.558
2100501,ALTO PARNAÍBA,0.633
2100550,AMAPÁ DO MARANHÃO,0.52
2100600,AMARANTE DO MARANHÃO,0.555
2100709,ANAJATUBA,0.581
2100808,ANAPURUS,0.581
2100832,APICUM-AÇU,0.568
2100873,ARAGUANÃ,0.533
2100907,ARAIOSES,0.521
2100956,ARAME,0.512
2101004,ARARI,0.626
2101103,AXIXÁ,0.641
2101202,BACABAL,0.651
2101251,BACABEIRA,0.629
2101301,BACURI,0.578
2101350,BACURITUBA,0.537
2101400,BALSAS,0.687
2101509,BARÃO DE GRAJAÚ,0.592
2101608,BARRA DO CORDA,0.606
2101707,BARREIRINHAS,0.57
2101731,BELÁGUA,0.512
2101772,BELA VISTA DO MARANHÃO,0.554
2101806,BENEDITO LEITE,0.546
2101905,BEQUIMÃO,0.601
2101939,BERNARDO DO MEARIM,0.604
2101970,BOA VISTA DO GURUPI,0.545
2102002,BOM JARDIM,0.538
2102036,BOM JESUS DAS SELVAS,0.558
2102077,BOM LUGAR,0.562
2102101,BREJO,0.562
2102150,BREJO DE AREIA,0.519
2102200,BURITI,0.548
2102309,BURITI BRAVO,0.59
2102325,BURITICUPU,0.556
2102358,BURITIRANA,0.583
2102374,CACHOEIRA GRANDE,0.537
2102408,CAJAPIÓ,0.553
2102507,CAJARI,0.523
2102556,CAMPESTRE DO MARANHÃO,0.652
2102606,CÂNDIDO MENDES,0.561
2102705,CANTANHEDE,0.565
2102754,CAPINZAL DO NORTE,0.537
2102804,CAROLINA,0.634
2102903,CARUTAPERA,0.574
2103000,CAXIAS,0.624
2103109,CEDRAL,0.605
2103125,CENTRAL DO MARANHÃO,0.585
2103158,CENTRO DO GUILHERME,0.542
2103174,CENTRO NOVO DO MARANHÃO,0.518
2103208,CHAPADINHA,0.604
2103257,CIDELÂNDIA,0.6
2103307,CODÓ,0.595
2103406,COELHO NETO,0.564
2103505,COLINAS,0.596
2103554,CONCEIÇÃO DO LAGO-AÇU,0.512
2103604,COROATÁ,0.576
2103703,CURURUPU,0.612
2103752,DAVINÓPOLIS,0.607
2103802,DOM PEDRO,0.622
2103901,DUQUE BACELAR,0.533
2104008,ESPERANTINÓPOLIS,0.586
2104057,ESTREITO,0.659
2104073,FEIRA NOVA DO MARANHÃO,0.532
2104081,FERNANDO FALCÃO,0.443
2104099,FORMOSA DA SERRA NEGRA,0.556
2104107,FORTALEZA DOS NOGUEIRAS,0.616
2104206,FORTUNA,0.58
2104305,GODOFREDO VIANA,0.604
2104404,GONÇALVES DIAS,0.568
2104503,GOVERNADOR ARCHER,0.565
2104552,GOVERNADOR EDISON LOBÃO,0.629
2104602,GOVERNADOR EUGÊNIO BARROS,0.572
2104628,GOVERNADOR LUIZ ROCHA,0.544
2104651,GOVERNADOR NEWTON BELLO,0.521
2104677,GOVERNADOR NUNES FREIRE,0.569
2104701,GRAÇA ARANHA,0.57
2104800,GRAJAÚ,0.609
2104909,GUIMARÃES,0.625
2105005,HUMBERTO DE CAMPOS,0.535
2105104,ICATU,0.546
2105153,IGARAPÉ DO MEIO,0.569
2105203,IGARAPÉ GRANDE,0.614
2105302,IMPERATRIZ,0.731
2105351,ITAIPAVA DO GRAJAÚ,0.518
2105401,ITAPECURU MIRIM,0.599
2105427,ITINGA DO MARANHÃO,0.63
2105450,JATOBÁ,0.561
2105476,JENIPAPO DOS VIEIRAS,0.49
2105500,JOÃO LISBOA,0.641
2105609,JOSELÂNDIA,0.561
2105658,JUNCO DO MARANHÃO,0.552
2105708,LAGO DA PEDRA,0.589
2105807,LAGO DO JUNCO,0.581
2105906,LAGO VERDE,0.557
2105922,LAGOA DO MATO,0.566
2105948,LAGO DOS RODRIGUES,0.602
2105963,LAGOA GRANDE DO MARANHÃO,0.502
2105989,LAJEADO NOVO,0.589
2106003,LIMA CAMPOS,0.581
2106102,LORETO,0.582
2106201,LUÍS DOMINGUES,0.588
2106300,MAGALHÃES DE ALMEIDA,0.567
2106326,MARACAÇUMÉ,0.582
2106359,MARAJÁ DO SENA,0.452
2106375,MARANHÃOZINHO,0.55
2106409,MATA ROMA,0.57
2106508,MATINHA,0.619
2106607,MATÕES,0.55
2106631,MATÕES DO NORTE,0.533
2106672,MILAGRES DO MARANHÃO,0.527
2106706,MIRADOR,0.545
2106755,MIRANDA DO NORTE,0.61
2106805,MIRINZAL,0.622
2106904,MONÇÃO,0.546
2107001,MONTES ALTOS,0.575
2107100,MORROS,0.548
2107209,NINA RODRIGUES,0.585
2107258,NOVA COLINAS,0.566
2107308,NOVA IORQUE,0.584
2107357,NOVA OLINDA DO MARANHÃO,0.581
2107407,OLHO D'ÁGUA DAS CUNHÃS,0.589
2107456,OLINDA NOVA DO MARANHÃO,0.575
2107506,PAÇO DO LUMIAR,0.724
2107605,PALMEIRÂNDIA,0.556
2107704,PARAIBANO,0.58
2107803,PARNARAMA,0.542
2107902,PASSAGEM FRANCA,0.532
2108009,PASTOS BONS,0.61
2108058,PAULINO NEVES,0.561
2108108,PAULO RAMOS,0.549
2108207,PEDREIRAS,0.682
2108256,PEDRO DO ROSÁRIO,0.516
2108306,PENALVA,0.554
2108405,PERI MIRIM,0.599
2108454,PERITORÓ,0.564
2108504,PINDARÉ-MIRIM,0.633
2108603,PINHEIRO,0.637
2108702,PIO XII,0.541
2108801,PIRAPEMAS,0.576
2108900,POÇÃO DE PEDRAS,0.576
2109007,PORTO FRANCO,0.684
2109056,PORTO RICO DO MARANHÃO,0.615
2109106,PRESIDENTE DUTRA,0.653
2109205,PRESIDENTE JUSCELINO,0.563
2109239,PRESIDENTE MÉDICI,0.591
2109270,PRESIDENTE SARNEY,0.557
2109304,PRESIDENTE VARGAS,0.587
2109403,PRIMEIRA CRUZ,0.512
2109452,RAPOSA,0.626
2109502,RIACHÃO,0.576
2109551,RIBAMAR FIQUENE,0.615
2109601,ROSÁRIO,0.632
2109700,SAMBAÍBA,0.565
2109759,SANTA FILOMENA DO MARANHÃO,0.525
2109809,SANTA HELENA,0.571
2109908,SANTA INÊS,0.674
2110005,SANTA LUZIA,0.55
2110039,SANTA LUZIA DO PARUÁ,0.599
2110104,SANTA QUITÉRIA DO MARANHÃO,0.555
2110203,SANTA RITA,0.609
2110237,SANTANA DO MARANHÃO,0.51
2110278,SANTO AMARO DO MARANHÃO,0.518
2110302,SANTO ANTÔNIO DOS LOPES,0.566
2110401,SÃO BENEDITO DO RIO PRETO,0.541
2110500,SÃO BENTO,0.602
2110609,SÃO BERNARDO,0.572
2110658,SÃO DOMINGOS DO AZEITÃO,0.59
2110708,SÃO DOMINGOS DO MARANHÃO,0.582
2110807,SÃO FÉLIX DE BALSAS,0.557
2110856,SÃO FRANCISCO DO BREJÃO,0.584
2110906,SÃO FRANCISCO DO MARANHÃO,0.528
2111003,SÃO JOÃO BATISTA,0.598
2111029,SÃO JOÃO DO CARÚ,0.509
2111052,SÃO JOÃO DO PARAÍSO,0.609
2111078,SÃO JOÃO DO SOTER,0.517
2111102,SÃO JOÃO DOS PATOS,0.615
2111201,SÃO JOSÉ DE RIBAMAR,0.708
2111250,SÃO JOSÉ DOS BASÍLIOS,0.557
2111300,SÃO LUÍS,0.768
2111409,SÃO LUÍS GONZAGA DO MARANHÃO,0.54
2111508,SÃO MATEUS DO MARANHÃO,0.616
2111532,SÃO PEDRO DA ÁGUA BRANCA,0.605
2111573,SÃO PEDRO DOS CRENTES,0.6
2111607,SÃO RAIMUNDO DAS MANGABEIRAS,0.61
2111631,SÃO RAIMUNDO DO DOCA BEZERRA,0.516
2111672,SÃO ROBERTO,0.516
2111706,SÃO VICENTE FERRER,0.592
2111722,SATUBINHA,0.493
2111748,SENADOR ALEXANDRE COSTA,0.538
2111763,SENADOR LA ROCQUE,0.602
2111789,SERRANO DO MARANHÃO,0.519
2111805,SÍTIO NOVO,0.564
2111904,SUCUPIRA DO NORTE,0.579
2111953,SUCUPIRA DO RIACHÃO,0.568
2112001,TASSO FRAGOSO,0.599
2112100,TIMBIRAS,0.537
2112209,TIMON,0.649
2112233,TRIZIDELA DO VALE,0.606
2112274,TUFILÂNDIA,0.555
2112308,TUNTUM,0.572
2112407,TURIAÇU,0.561
2112456,TURILÂNDIA,0.536
2112506,TUTÓIA,0.561
2112605,URBANO SANTOS,0.588
2112704,VARGEM GRANDE,0.542
2112803,VIANA,0.618
2112852,VILA NOVA DOS MARTÍRIOS,0.581
2112902,VITÓRIA DO MEARIM,0.596
2113009,VITORINO FREIRE,0.57
2114007,ZÉ DOCA,0.595
2200053,ACAUÃ,0.528
2200103,AGRICOLÂNDIA,0.599
2200202,ÁGUA BRANCA,0.639
2200251,ALAGOINHA DO PIAUÍ,0.531
2200277,ALEGRETE DO PIAUÍ,0.585
2200301,ALTO LONGÁ,0.585
2200400,ALTOS,0.614
2200459,ALVORADA DO GURGUÉIA,0.578
2200509,AMARANTE,0.598
2200608,ANGICAL DO PIAUÍ,0.63
2200707,ANÍSIO DE ABREU,0.594
2200806,ANTÔNIO ALMEIDA,0.62
2200905,AROAZES,0.583
2200954,AROEIRAS DO ITAIM,0.519
2201002,ARRAIAL,0.56
2201051,ASSUNÇÃO DO PIAUÍ,0.499
2201101,AVELINO LOPES,0.554
2201150,BAIXA GRANDE DO RIBEIRO,0.564
2201176,BARRA D'ALCÂNTARA,0.577
2201200,BARRAS,0.595
2201309,BARREIRAS DO PIAUÍ,0.557
2201408,BARRO DURO,0.612
2201507,BATALHA,0.545
2201556,BELA VISTA DO PIAUÍ,0.576
2201572,BELÉM DO PIAUÍ,0.551
2201606,BENEDITINOS,0.557
2201705,BERTOLÍNIA,0.612
2201739,BETÂNIA DO PIAUÍ,0.489
2201770,BOA HORA,0.575
2201804,BOCAINA,0.632
2201903,BOM JESUS,0.668
2201919,BOM PRINCÍPIO DO PIAUÍ,0.532
2201929,BONFIM DO PIAUÍ,0.542
2201945,BOQUEIRÃO DO PIAUÍ,0.56
2201960,BRASILEIRA,0.577
2201988,BREJO DO PIAUÍ,0.515
2202000,BURITI DOS LOPES,0.565
2202026,BURITI DOS MONTES,0.574
2202059,CABECEIRAS DO PIAUÍ,0.583
2202075,CAJAZEIRAS DO PIAUÍ,0.562
2202083,CAJUEIRO DA PRAIA,0.546
2202091,CALDEIRÃO GRANDE DO PIAUÍ,0.588
2202109,CAMPINAS DO PIAUÍ,0.544
2202117,CAMPO ALEGRE DO FIDALGO,0.537
2202133,CAMPO GRANDE DO PIAUÍ,0.56
2202174,CAMPO LARGO DO PIAUÍ,0.528
2202208,CAMPO MAIOR,0.656
2202251,CANAVIEIRA,0.583
2202307,CANTO DO BURITI,0.576
2202406,CAPITÃO DE CAMPOS,0.583
2202455,CAPITÃO GERVÁSIO OLIVEIRA,0.553
2202505,CARACOL,0.552
2202539,CARAÚBAS DO PIAUÍ,0.505
2202554,CARIDADE DO PIAUÍ,0.541
2202604,CASTELO DO PIAUÍ,0.587
2202653,CAXINGÓ,0.488
2202703,COCAL,0.497
2202711,COCAL DE TELHA,0.555
2202729,COCAL DOS ALVES,0.498
2202737,COIVARAS,0.565
2202752,COLÔNIA DO GURGUÉIA,0.628
2202778,COLÔNIA DO PIAUÍ,0.588
2202802,CONCEIÇÃO DO CANINDÉ,0.589
2202851,CORONEL JOSÉ DIAS,0.546
2202901,CORRENTE,0.642
2203008,CRISTALÂNDIA DO PIAUÍ,0.573
2203107,CRISTINO CASTRO,0.566
2203206,CURIMATÁ,0.607
2203230,CURRAIS,0.542
2203255,CURRALINHOS,0.555
2203271,CURRAL NOVO DO PIAUÍ,0.527
2203305,DEMERVAL LOBÃO,0.618
2203354,DIRCEU ARCOVERDE,0.561
2203404,DOM EXPEDITO LOPES,0.601
2203420,DOMINGOS MOURÃO,0.55
2203453,DOM INOCÊNCIO,0.549
2203503,ELESBÃO VELOSO,0.58
2203602,ELISEU MARTINS,0.595
2203701,ESPERANTINA,0.605
2203750,FARTURA DO PIAUÍ,0.548
2203800,FLORES DO PIAUÍ,0.547
2203859,FLORESTA DO PIAUÍ,0.538
2203909,FLORIANO,0.7
2204006,FRANCINÓPOLIS,0.564
2204105,FRANCISCO AYRES,0.577
2204154,FRANCISCO MACEDO,0.553
2204204,FRANCISCO SANTOS,0.608
2204303,FRONTEIRAS,0.619
2204352,GEMINIANO,0.561
2204402,GILBUÉS,0.548
2204501,GUADALUPE,0.65
2204550,GUARIBAS,0.508
2204600,HUGO NAPOLEÃO,0.599
2204659,ILHA GRANDE,0.563
2204709,INHUMA,0.624
2204808,IPIRANGA DO PIAUÍ,0.63
2204907,ISAÍAS COELHO,0.582
2205003,ITAINÓPOLIS,0.541
2205102,ITAUEIRA,0.583
2205151,JACOBINA DO PIAUÍ,0.535
2205201,JAICÓS,0.524
2205250,JARDIM DO MULATO,0.593
2205276,JATOBÁ DO PIAUÍ,0.566
2205300,JERUMENHA,0.591
2205359,JOÃO COSTA,0.561
2205409,JOAQUIM PIRES,0.522
2205458,JOCA MARQUES,0.504
2205508,JOSÉ DE FREITAS,0.618
2205516,JUAZEIRO DO PIAUÍ,0.57
2205524,JÚLIO BORGES,0.582
2205532,JUREMA,0.555
2205540,LAGOINHA DO PIAUÍ,0.597
2205557,LAGOA ALEGRE,0.55
2205565,LAGOA DO BARRO DO PIAUÍ,0.502
2205573,LAGOA DE SÃO FRANCISCO,0.529
2205581,LAGOA DO PIAUÍ,0.583
2205599,LAGOA DO SÍTIO,0.541
2205607,LANDRI SALES,0.584
2205706,LUÍS CORREIA,0.541
2205805,LUZILÂNDIA,0.545
2205854,MADEIRO,0.563
2205904,MANOEL EMÍDIO,0.573
2205953,MARCOLÂNDIA,0.562
2206001,MARCOS PARENTE,0.59
2206050,MASSAPÊ DO PIAUÍ,0.525
2206100,MATIAS OLÍMPIO,0.562
2206209,MIGUEL ALVES,0.539
2206308,MIGUEL LEÃO,0.623
2206357,MILTON BRANDÃO,0.508
2206407,MONSENHOR GIL,0.615
2206506,MONSENHOR HIPÓLITO,0.561
2206605,MONTE ALEGRE DO PIAUÍ,0.578
2206654,MORRO CABEÇA NO TEMPO,0.542
2206670,MORRO DO CHAPÉU DO PIAUÍ,0.55
2206696,MURICI DOS PORTELAS,0.53
2206704,NAZARÉ DO PIAUÍ,0.576
2206720,NAZÁRIA,0.602
2206753,NOSSA SENHORA DE NAZARÉ,0.586
2206803,NOSSA SENHORA DOS REMÉDIOS,0.533
2206902,NOVO ORIENTE DO PIAUÍ,0.562
2206951,NOVO SANTO ANTÔNIO,0.528
2207009,OEIRAS,0.634
2207108,OLHO D'ÁGUA DO PIAUÍ,0.576
2207207,PADRE MARCOS,0.541
2207306,PAES LANDIM,0.575
2207355,PAJEÚ DO PIAUÍ,0.559
2207405,PALMEIRA DO PIAUÍ,0.557
2207504,PALMEIRAIS,0.562
2207553,PAQUETÁ,0.509
2207603,PARNAGUÁ,0.575
2207702,PARNAÍBA,0.687
2207751,PASSAGEM FRANCA DO PIAUÍ,0.561
2207777,PATOS DO PIAUÍ,0.563
2207793,PAU D'ARCO DO PIAUÍ,0.514
2207801,PAULISTANA,0.6
2207850,PAVUSSU,0.526
2207900,PEDRO II,0.571
2207934,PEDRO LAURENTINO,0.562
2207959,NOVA SANTA RITA,0.554
2208007,PICOS,0.698
2208106,PIMENTEIRAS,0.566
2208205,PIO IX,0.564
2208304,PIRACURUCA,0.596
2208403,PIRIPIRI,0.635
2208502,PORTO,0.549
2208551,PORTO ALEGRE DO PIAUÍ,0.563
2208601,PRATA DO PIAUÍ,0.565
2208650,QUEIMADA NOVA,0.515
2208700,REDENÇÃO DO GURGUÉIA,0.589
2208809,REGENERAÇÃO,0.591
2208858,RIACHO FRIO,0.541
2208874,RIBEIRA DO PIAUÍ,0.52
2208908,RIBEIRO GONÇALVES,0.601
2209005,RIO GRANDE DO PIAUÍ,0.572
2209104,SANTA CRUZ DO PIAUÍ,0.601
2209153,SANTA CRUZ DOS MILAGRES,0.577
2209203,SANTA FILOMENA,0.544
2209302,SANTA LUZ,0.588
2209351,SANTANA DO PIAUÍ,0.574
2209377,SANTA ROSA DO PIAUÍ,0.567
2209401,SANTO ANTÔNIO DE LISBOA,0.584
2209450,SANTO ANTÔNIO DOS MILAGRES,0.619
2209500,SANTO INÁCIO DO PIAUÍ,0.613
2209559,SÃO BRAZ DO PIAUÍ,0.596
2209609,SÃO FÉLIX DO PIAUÍ,0.61
2209658,SÃO FRANCISCO DE ASSIS DO PIAUÍ,0.485
2209708,SÃO FRANCISCO DO PIAUÍ,0.57
2209757,SÃO GONÇALO DO GURGUÉIA,0.56
2209807,SÃO GONÇALO DO PIAUÍ,0.616
2209856,SÃO JOÃO DA CANABRAVA,0.559
2209872,SÃO JOÃO DA FRONTEIRA,0.515
2209906,SÃO JOÃO DA SERRA,0.582
2209955,SÃO JOÃO DA VARJOTA,0.559
2209971,SÃO JOÃO DO ARRAIAL,0.523
2210003,SÃO JOÃO DO PIAUÍ,0.645
2210052,SÃO JOSÉ DO DIVINO,0.565
2210102,SÃO JOSÉ DO PEIXE,0.573
2210201,SÃO JOSÉ DO PIAUÍ,0.552
2210300,SÃO JULIÃO,0.594
2210359,SÃO LOURENÇO DO PIAUÍ,0.595
2210375,SÃO LUIS DO PIAUÍ,0.554
2210383,SÃO MIGUEL DA BAIXA GRANDE,0.563
2210391,SÃO MIGUEL DO FIDALGO,0.535
2210409,SÃO MIGUEL DO TAPUIO,0.556
2210508,SÃO PEDRO DO PIAUÍ,0.595
2210607,SÃO RAIMUNDO NONATO,0.661
2210623,SEBASTIÃO BARROS,0.536
2210631,SEBASTIÃO LEAL,0.562
2210656,SIGEFREDO PACHECO,0.581
2210706,SIMÕES,0.575
2210805,SIMPLÍCIO MENDES,0.627
2210904,SOCORRO DO PIAUÍ,0.561
2210938,SUSSUAPARA,0.586
2210953,TAMBORIL DO PIAUÍ,0.501
2210979,TANQUE DO PIAUÍ,0.579
2211001,TERESINA,0.751
2211100,UNIÃO,0.577
2211209,URUÇUÍ,0.631
2211308,VALENÇA DO PIAUÍ,0.647
2211357,VÁRZEA BRANCA,0.553
2211407,VÁRZEA GRANDE,0.571
2211506,VERA MENDES,0.503
2211605,VILA NOVA DO PIAUÍ,0.565
2211704,WALL FERRAZ,0.544
2300101,ABAIARA,0.628
2300150,ACARAPE,0.606
2300200,ACARAÚ,0.601
2300309,ACOPIARA,0.595
2300408,AIUABA,0.569
2300507,ALCÂNTARAS,0.6
2300606,ALTANEIRA,0.602
2300705,ALTO SANTO,0.601
2300754,AMONTADA,0.606
2300804,ANTONINA DO NORTE,0.599
2300903,APUIARÉS,0.618
2301000,AQUIRAZ,0.641
2301109,ARACATI,0.655
2301208,ARACOIABA,0.615
2301257,ARARENDÁ,0.59
2301307,ARARIPE,0.564
2301406,ARATUBA,0.622
2301505,ARNEIROZ,0.618
2301604,ASSARÉ,0.6
2301703,AURORA,0.605
2301802,BAIXIO,0.627
2301851,BANABUIÚ,0.606
2301901,BARBALHA,0.683
2301950,BARREIRA,0.616
2302008,BARRO,0.599
2302057,BARROQUINHA,0.571
2302107,BATURITÉ,0.619
2302206,BEBERIBE,0.638
2302305,BELA CRUZ,0.623
2302404,BOA VIAGEM,0.598
2302503,BREJO SANTO,0.647
2302602,CAMOCIM,0.62
2302701,CAMPOS SALES,0.63
2302800,CANINDÉ,0.612
2302909,CAPISTRANO,0.611
2303006,CARIDADE,0.592
2303105,CARIRÉ,0.596
2303204,CARIRIAÇU,0.578
2303303,CARIÚS,0.597
2303402,CARNAUBAL,0.593
2303501,CASCAVEL,0.646
2303600,CATARINA,0.618
2303659,CATUNDA,0.609
2303709,CAUCAIA,0.682
2303808,CEDRO,0.627
2303907,CHAVAL,0.586
2303931,CHORÓ,0.585
2303956,CHOROZINHO,0.604
2304004,COREAÚ,0.61
2304103,CRATEÚS,0.644
2304202,CRATO,0.713
2304236,CROATÁ,0.59
2304251,CRUZ,0.632
2304269,DEPUTADO IRAPUAN PINHEIRO,0.609
2304277,ERERÊ,0.61
2304285,EUSÉBIO,0.701
2304301,FARIAS BRITO,0.633
2304350,FORQUILHA,0.644
2304400,FORTALEZA,0.754
2304459,FORTIM,0.624
2304509,FRECHEIRINHA,0.604
2304608,GENERAL SAMPAIO,0.568
2304657,GRAÇA,0.57
2304707,GRANJA,0.559
2304806,GRANJEIRO,0.585
2304905,GROAÍRAS,0.633
2304954,GUAIÚBA,0.617
2305001,GUARACIABA DO NORTE,0.609
2305100,GUARAMIRANGA,0.637
2305209,HIDROLÂNDIA,0.597
2305233,HORIZONTE,0.658
2305266,IBARETAMA,0.577
2305308,IBIAPINA,0.608
2305332,IBICUITINGA,0.606
2305357,ICAPUÍ,0.616
2305407,ICÓ,0.606
2305506,IGUATU,0.677
2305605,INDEPENDÊNCIA,0.632
2305654,IPAPORANGA,0.579
2305704,IPAUMIRIM,0.606
2305803,IPU,0.618
2305902,IPUEIRAS,0.573
2306009,IRACEMA,0.652
2306108,IRAUÇUBA,0.605
2306207,ITAIÇABA,0.656
2306256,ITAITINGA,0.626
2306306,ITAPAGÉ,0.623
2306405,ITAPIPOCA,0.64
2306504,ITAPIÚNA,0.604
2306553,ITAREMA,0.606
2306603,ITATIRA,0.562
2306702,JAGUARETAMA,0.612
2306801,JAGUARIBARA,0.618
2306900,JAGUARIBE,0.621
2307007,JAGUARUANA,0.624
2307106,JARDIM,0.614
2307205,JATI,0.651
2307254,JIJOCA DE JERICOACOARA,0.652
2307304,JUAZEIRO DO NORTE,0.694
2307403,JUCÁS,0.598
2307502,LAVRAS DA MANGABEIRA,0.613
2307601,LIMOEIRO DO NORTE,0.682
2307635,MADALENA,0.61
2307650,MARACANAÚ,0.686
2307700,MARANGUAPE,0.659
2307809,MARCO,0.612
2307908,MARTINÓPOLE,0.599
2308005,MASSAPÊ,0.616
2308104,MAURITI,0.605
2308203,MERUOCA,0.618
2308302,MILAGRES,0.628
2308351,MILHÃ,0.626
2308377,MIRAÍMA,0.592
2308401,MISSÃO VELHA,0.622
2308500,MOMBAÇA,0.582
2308609,MONSENHOR TABOSA,0.61
2308708,MORADA NOVA,0.61
2308807,MORAÚJO,0.581
2308906,MORRINHOS,0.588
2309003,MUCAMBO,0.607
2309102,MULUNGU,0.607
2309201,NOVA OLINDA,0.625
2309300,NOVA RUSSAS,0.614
2309409,NOVO ORIENTE,0.605
2309458,OCARA,0.594
2309508,ORÓS,0.636
2309607,PACAJUS,0.659
2309706,PACATUBA,0.675
2309805,PACOTI,0.635
2309904,PACUJÁ,0.621
2310001,PALHANO,0.638
2310100,PALMÁCIA,0.622
2310209,PARACURU,0.637
2310258,PARAIPABA,0.634
2310308,PARAMBU,0.57
2310407,PARAMOTI,0.583
2310506,PEDRA BRANCA,0.603
2310605,PENAFORTE,0.646
2310704,PENTECOSTE,0.629
2310803,PEREIRO,0.601
2310852,PINDORETAMA,0.636
2310902,PIQUET CARNEIRO,0.6
2310951,PIRES FERREIRA,0.591
2311009,PORANGA,0.581
2311108,PORTEIRAS,0.622
2311207,POTENGI,0.562
2311231,POTIRETAMA,0.604
2311264,QUITERIANÓPOLIS,0.594
2311306,QUIXADÁ,0.659
2311355,QUIXELÔ,0.591
2311405,QUIXERAMOBIM,0.642
2311504,QUIXERÉ,0.622
2311603,REDENÇÃO,0.626
2311702,RERIUTABA,0.601
2311801,RUSSAS,0.674
2311900,SABOEIRO,0.575
2311959,SALITRE,0.54
2312007,SANTANA DO ACARAÚ,0.587
2312106,SANTANA DO CARIRI,0.612
2312205,SANTA QUITÉRIA,0.616
2312304,SÃO BENEDITO,0.611
2312403,SÃO GONÇALO DO AMARANTE,0.665
2312502,SÃO JOÃO DO JAGUARIBE,0.654
2312601,SÃO LUÍS DO CURU,0.62
2312700,SENADOR POMPEU,0.619
2312809,SENADOR SÁ,0.603
2312908,SOBRAL,0.714
2313005,SOLONÓPOLE,0.625
2313104,TABULEIRO DO NORTE,0.645
2313203,TAMBORIL,0.58
2313252,TARRAFAS,0.576
2313302,TAUÁ,0.633
2313351,TEJUÇUOCA,0.584
2313401,TIANGUÁ,0.657
2313500,TRAIRI,0.606
2313559,TURURU,0.606
2313609,UBAJARA,0.648
2313708,UMARI,0.591
2313757,UMIRIM,0.587
2313807,URUBURETAMA,0.639
2313906,URUOCA,0.566
2313955,VARJOTA,0.611
2314003,VÁRZEA ALEGRE,0.629
2314102,VIÇOSA DO CEARÁ,0.571
2400109,ACARI,0.679
2400208,AÇU,0.661
2400307,AFONSO BEZERRA,0.585
2400406,ÁGUA NOVA,0.616
2400505,ALEXANDRIA,0.606
2400604,ALMINO AFONSO,0.624
2400703,ALTO DO RODRIGUES,0.672
2400802,ANGICOS,0.624
2400901,ANTÔNIO MARTINS,0.578
2401008,APODI,0.639
2401107,AREIA BRANCA,0.682
2401206,ARÊS,0.606
2401305,AUGUSTO SEVERO,0.621
2401404,BAÍA FORMOSA,0.609
2401453,BARAÚNA,0.574
2401503,BARCELONA,0.566
2401602,BENTO FERNANDES,0.582
2401651,BODÓ,0.629
2401701,BOM JESUS,0.584
2401800,BREJINHO,0.592
2401859,CAIÇARA DO NORTE,0.574
2401909,CAIÇARA DO RIO DO VENTO,0.587
2402006,CAICÓ,0.71
2402105,CAMPO REDONDO,0.626
2402204,CANGUARETAMA,0.579
2402303,CARAÚBAS,0.638
2402402,CARNAÚBA DOS DANTAS,0.659
2402501,CARNAUBAIS,0.589
2402600,CEARÁ-MIRIM,0.616
2402709,CERRO CORÁ,0.607
2402808,CORONEL EZEQUIEL,0.587
2402907,CORONEL JOÃO PESSOA,0.578
2403004,CRUZETA,0.654
2403103,CURRAIS NOVOS,0.691
2403202,DOUTOR SEVERIANO,0.621
2403251,PARNAMIRIM,0.766
2403301,ENCANTO,0.629
2403400,EQUADOR,0.623
2403509,ESPÍRITO SANTO,0.558
2403608,EXTREMOZ,0.66
2403707,FELIPE GUERRA,0.636
2403756,FERNANDO PEDROZA,0.597
2403806,FLORÂNIA,0.642
2403905,FRANCISCO DANTAS,0.606
2404002,FRUTUOSO GOMES,0.597
2404101,GALINHOS,0.564
2404200,GOIANINHA,0.638
2404309,GOVERNADOR DIX-SEPT ROSADO,0.592
2404408,GROSSOS,0.664
2404507,GUAMARÉ,0.626
2404606,IELMO MARINHO,0.55
2404705,IPANGUAÇU,0.603
2404804,IPUEIRA,0.679
2404853,ITAJÁ,0.624
2404903,ITAÚ,0.614
2405009,JAÇANÃ,0.604
2405108,JANDAÍRA,0.569
2405207,JANDUÍS,0.615
2405306,JANUÁRIO CICCO,0.574
2405405,JAPI,0.569
2405504,JARDIM DE ANGICOS,0.565
2405603,JARDIM DE PIRANHAS,0.603
2405702,JARDIM DO SERIDÓ,0.663
2405801,JOÃO CÂMARA,0.595
2405900,JOÃO DIAS,0.53
2406007,JOSÉ DA PENHA,0.608
2406106,JUCURUTU,0.601
2406155,JUNDIÁ,0.595
2406205,LAGOA D'ANTA,0.601
2406304,LAGOA DE PEDRAS,0.553
2406403,LAGOA DE VELHOS,0.589
2406502,LAGOA NOVA,0.585
2406601,LAGOA SALGADA,0.582
2406700,LAJES,0.624
2406809,LAJES PINTADAS,0.625
2406908,LUCRÉCIA,0.646
2407005,LUÍS GOMES,0.608
2407104,MACAÍBA,0.64
2407203,MACAU,0.665
2407252,MAJOR SALES,0.617
2407302,MARCELINO VIEIRA,0.609
2407401,MARTINS,0.622
2407500,MAXARANGUAPE,0.608
2407609,MESSIAS TARGINO,0.644
2407708,MONTANHAS,0.557
2407807,MONTE ALEGRE,0.609
2407906,MONTE DAS GAMELEIRAS,0.598
2408003,MOSSORÓ,0.72
2408102,NATAL,0.763
2408201,NÍSIA FLORESTA,0.622
2408300,NOVA CRUZ,0.629
2408409,OLHO-D'ÁGUA DO BORGES,0.585
2408508,OURO BRANCO,0.645
2408607,PARANÁ,0.589
2408706,PARAÚ,0.603
2408805,PARAZINHO,0.549
2408904,PARELHAS,0.676
2408953,RIO DO FOGO,0.569
2409100,PASSA E FICA,0.606
2409209,PASSAGEM,0.589
2409308,PATU,0.618
2409332,SANTA MARIA,0.59
2409407,PAU DOS FERROS,0.678
2409506,PEDRA GRANDE,0.559
2409605,PEDRA PRETA,0.558
2409704,PEDRO AVELINO,0.583
2409803,PEDRO VELHO,0.568
2409902,PENDÊNCIAS,0.631
2410009,PILÕES,0.614
2410108,POÇO BRANCO,0.587
2410207,PORTALEGRE,0.621
2410256,PORTO DO MANGUE,0.59
2410306,PRESIDENTE JUSCELINO,0.563
2410405,PUREZA,0.567
2410504,RAFAEL FERNANDES,0.608
2410603,RAFAEL GODEIRO,0.654
2410702,RIACHO DA CRUZ,0.584
2410801,RIACHO DE SANTANA,0.591
2410900,RIACHUELO,0.592
2411007,RODOLFO FERNANDES,0.604
2411056,TIBAU,0.635
2411106,RUY BARBOSA,0.605
2411205,SANTA CRUZ,0.635
2411403,SANTANA DO MATOS,0.591
2411429,SANTANA DO SERIDÓ,0.642
2411502,SANTO ANTÔNIO,0.62
2411601,SÃO BENTO DO NORTE,0.555
2411700,SÃO BENTO DO TRAIRÍ,0.595
2411809,SÃO FERNANDO,0.608
2411908,SÃO FRANCISCO DO OESTE,0.628
2412005,SÃO GONÇALO DO AMARANTE,0.661
2412104,SÃO JOÃO DO SABUGI,0.655
2412203,SÃO JOSÉ DE MIPIBU,0.611
2412302,SÃO JOSÉ DO CAMPESTRE,0.615
2412401,SÃO JOSÉ DO SERIDÓ,0.694
2412500,SÃO MIGUEL,0.606
2412559,SÃO MIGUEL DO GOSTOSO,0.591
2412609,SÃO PAULO DO POTENGI,0.622
2412708,SÃO PEDRO,0.589
2412807,SÃO RAFAEL,0.611
2412906,SÃO TOMÉ,0.585
2413003,SÃO VICENTE,0.642
2413102,SENADOR ELÓI DE SOUZA,0.583
2413201,SENADOR GEORGINO AVELINO,0.57
2413300,SERRA DE SÃO BENTO,0.582
2413359,SERRA DO MEL,0.614
2413409,SERRA NEGRA DO NORTE,0.597
2413508,SERRINHA,0.592
2413557,SERRINHA DOS PINTOS,0.598
2413607,SEVERIANO MELO,0.604
2413706,SÍTIO NOVO,0.572
2413805,TABOLEIRO GRANDE,0.612
2413904,TAIPU,0.569
2414001,TANGARÁ,0.608
2414100,TENENTE ANANIAS,0.592
2414159,TENENTE LAURENTINO CRUZ,0.623
2414209,TIBAU DO SUL,0.645
2414308,TIMBAÚBA DOS BATISTAS,0.64
2414407,TOUROS,0.572
2414456,TRIUNFO POTIGUAR,0.602
2414506,UMARIZAL,0.618
2414605,UPANEMA,0.596
2414704,VÁRZEA,0.626
2414753,VENHA-VER,0.555
2414803,VERA CRUZ,0.587
2414902,VIÇOSA,0.592
2415008,VILA FLOR,0.576
2500106,ÁGUA BRANCA,0.572
2500205,AGUIAR,0.597
2500304,ALAGOA GRANDE,0.582
2500403,ALAGOA NOVA,0.576
2500502,ALAGOINHA,0.595
2500536,ALCANTIL,0.578
2500577,ALGODÃO DE JANDAÍRA,0.548
2500601,ALHANDRA,0.582
2500700,SÃO JOÃO DO RIO DO PEIXE,0.608
2500734,AMPARO,0.606
2500775,APARECIDA,0.578
2500809,ARAÇAGI,0.549
2500908,ARARA,0.548
2501005,ARARUNA,0.567
2501104,AREIA,0.594
2501153,AREIA DE BARAÚNAS,0.562
2501203,AREIAL,0.608
2501302,AROEIRAS,0.548
2501351,ASSUNÇÃO,0.609
2501401,BAÍA DA TRAIÇÃO,0.581
2501500,BANANEIRAS,0.568
2501534,BARAÚNA,0.558
2501575,BARRA DE SANTANA,0.567
2501609,BARRA DE SANTA ROSA,0.562
2501708,BARRA DE SÃO MIGUEL,0.572
2501807,BAYEUX,0.649
2501906,BELÉM,0.592
2502003,BELÉM DO BREJO DO CRUZ,0.578
2502052,BERNARDINO BATISTA,0.558
2502102,BOA VENTURA,0.599
2502151,BOA VISTA,0.649
2502201,BOM JESUS,0.597
2502300,BOM SUCESSO,0.592
2502409,BONITO DE SANTA FÉ,0.574
2502508,BOQUEIRÃO,0.607
2502607,IGARACY,0.61
2502706,BORBOREMA,0.558
2502805,BREJO DO CRUZ,0.597
2502904,BREJO DOS SANTOS,0.619
2503001,CAAPORÃ,0.602
2503100,CABACEIRAS,0.611
2503209,CABEDELO,0.748
2503308,CACHOEIRA DOS ÍNDIOS,0.587
2503407,CACIMBA DE AREIA,0.596
2503506,CACIMBA DE DENTRO,0.564
2503555,CACIMBAS,0.523
2503605,CAIÇARA,0.592
2503704,CAJAZEIRAS,0.679
2503753,CAJAZEIRINHAS,0.55
2503803,CALDAS BRANDÃO,0.568
2503902,CAMALAÚ,0.567
2504009,CAMPINA GRANDE,0.72
2504033,CAPIM,0.533
2504074,CARAÚBAS,0.585
2504108,CARRAPATEIRA,0.603
2504157,CASSERENGUE,0.514
2504207,CATINGUEIRA,0.574
2504306,CATOLÉ DO ROCHA,0.64
2504355,CATURITÉ,0.623
2504405,CONCEIÇÃO,0.592
2504504,CONDADO,0.594
2504603,CONDE,0.618
2504702,CONGO,0.581
2504801,COREMAS,0.592
2504850,COXIXOLA,0.641
2504900,CRUZ DO ESPÍRITO SANTO,0.552
2505006,CUBATI,0.566
2505105,CUITÉ,0.591
2505204,CUITEGI,0.57
2505238,CUITÉ DE MAMANGUAPE,0.524
2505279,CURRAL DE CIMA,0.529
2505303,CURRAL VELHO,0.606
2505352,DAMIÃO,0.521
2505402,DESTERRO,0.58
2505501,VISTA SERRANA,0.566
2505600,DIAMANTE,0.593
2505709,DONA INÊS,0.545
2505808,DUAS ESTRADAS,0.603
2505907,EMAS,0.595
2506004,ESPERANÇA,0.623
2506103,FAGUNDES,0.56
2506202,FREI MARTINHO,0.641
2506251,GADO BRAVO,0.513
2506301,GUARABIRA,0.673
2506400,GURINHÉM,0.556
2506509,GURJÃO,0.625
2506608,IBIARA,0.586
2506707,IMACULADA,0.557
2506806,INGÁ,0.592
2506905,ITABAIANA,0.613
2507002,ITAPORANGA,0.615
2507101,ITAPOROROCA,0.564
2507200,ITATUBA,0.562
2507309,JACARAÚ,0.558
2507408,JERICÓ,0.603
2507507,JOÃO PESSOA,0.763
2507606,JUAREZ TÁVORA,0.579
2507705,JUAZEIRINHO,0.567
2507804,JUNCO DO SERIDÓ,0.617
2507903,JURIPIRANGA,0.548
2508000,JURU,0.57
2508109,LAGOA,0.563
2508208,LAGOA DE DENTRO,0.57
2508307,LAGOA SECA,0.627
2508406,LASTRO,0.533
2508505,LIVRAMENTO,0.566
2508554,LOGRADOURO,0.583
2508604,LUCENA,0.583
2508703,MÃE D'ÁGUA,0.542
2508802,MALTA,0.642
2508901,MAMANGUAPE,0.585
2509008,MANAÍRA,0.543
2509057,MARCAÇÃO,0.529
2509107,MARI,0.548
2509156,MARIZÓPOLIS,0.608
2509206,MASSARANDUBA,0.567
2509305,MATARACA,0.536
2509339,MATINHAS,0.541
2509370,MATO GROSSO,0.565
2509396,MATURÉIA,0.572
2509404,MOGEIRO,0.574
2509503,MONTADAS,0.59
2509602,MONTE HOREBE,0.587
2509701,MONTEIRO,0.628
2509800,MULUNGU,0.565
2509909,NATUBA,0.541
2510006,NAZAREZINHO,0.562
2510105,NOVA FLORESTA,0.601
2510204,NOVA OLINDA,0.573
2510303,NOVA PALMEIRA,0.595
2510402,OLHO D'ÁGUA,0.572
2510501,OLIVEDOS,0.603
2510600,OURO VELHO,0.614
2510659,PARARI,0.584
2510709,PASSAGEM,0.62
2510808,PATOS,0.701
2510907,PAULISTA,0.587
2511004,PEDRA BRANCA,0.599
2511103,PEDRA LAVRADA,0.574
2511202,PEDRAS DE FOGO,0.59
2511301,PIANCÓ,0.621
2511400,PICUÍ,0.608
2511509,PILAR,0.579
2511608,PILÕES,0.56
2511707,PILÕEZINHOS,0.564
2511806,PIRPIRITUBA,0.595
2511905,PITIMBU,0.57
2512002,POCINHOS,0.591
2512036,POÇO DANTAS,0.525
2512077,POÇO DE JOSÉ DE MOURA,0.612
2512101,POMBAL,0.634
2512200,PRATA,0.608
2512309,PRINCESA ISABEL,0.606
2512408,PUXINANÃ,0.617
2512507,QUEIMADAS,0.608
2512606,QUIXABÁ,0.622
2512705,REMÍGIO,0.607
2512721,PEDRO RÉGIS,0.542
2512747,RIACHÃO,0.574
2512754,RIACHÃO DO BACAMARTE,0.553
2512762,RIACHÃO DO POÇO,0.555
2512788,RIACHO DE SANTO ANTÔNIO,0.594
2512804,RIACHO DOS CAVALOS,0.568
2512903,RIO TINTO,0.585
2513000,SALGADINHO,0.563
2513109,SALGADO DE SÃO FÉLIX,0.568
2513158,SANTA CECÍLIA,0.525
2513208,SANTA CRUZ,0.618
2513307,SANTA HELENA,0.609
2513356,SANTA INÊS,0.572
2513406,SANTA LUZIA,0.682
2513505,SANTANA DE MANGUEIRA,0.535
2513604,SANTANA DOS GARROTES,0.594
2513653,SANTARÉM,0.622
2513703,SANTA RITA,0.627
2513802,SANTA TERESINHA,0.627
2513851,SANTO ANDRÉ,0.6
2513901,SÃO BENTO,0.58
2513927,SÃO BENTINHO,0.606
2513943,SÃO DOMINGOS DO CARIRI,0.589
2513968,SÃO DOMINGOS,0.548
2513984,SÃO FRANCISCO,0.58
2514008,SÃO JOÃO DO CARIRI,0.622
2514107,SÃO JOÃO DO TIGRE,0.552
2514206,SÃO JOSÉ DA LAGOA TAPADA,0.53
2514305,SÃO JOSÉ DE CAIANA,0.565
2514404,SÃO JOSÉ DE ESPINHARAS,0.577
2514453,SÃO JOSÉ DOS RAMOS,0.541
2514503,SÃO JOSÉ DE PIRANHAS,0.591
2514552,SÃO JOSÉ DE PRINCESA,0.565
2514602,SÃO JOSÉ DO BONFIM,0.578
2514651,SÃO JOSÉ DO BREJO DO CRUZ,0.581
2514701,SÃO JOSÉ DO SABUGI,0.617
2514800,SÃO JOSÉ DOS CORDEIROS,0.556
2514909,SÃO MAMEDE,0.641
2515005,SÃO MIGUEL DE TAIPU,0.548
2515104,SÃO SEBASTIÃO DE LAGOA DE ROÇA,0.594
2515203,SÃO SEBASTIÃO DO UMBUZEIRO,0.581
2515302,SAPÉ,0.569
2515401,SERIDÓ,0.555
2515500,SERRA BRANCA,0.628
2515609,SERRA DA RAIZ,0.626
2515708,SERRA GRANDE,0.586
2515807,SERRA REDONDA,0.57
2515906,SERRARIA,0.547
2515930,SERTÃOZINHO,0.621
2515971,SOBRADO,0.573
2516003,SOLÂNEA,0.595
2516102,SOLEDADE,0.616
2516151,SOSSÊGO,0.573
2516201,SOUSA,0.668
2516300,SUMÉ,0.627
2516409,TACIMA,0.551
2516508,TAPEROÁ,0.578
2516607,TAVARES,0.586
2516706,TEIXEIRA,0.605
2516755,TENÓRIO,0.581
2516805,TRIUNFO,0.609
2516904,UIRAÚNA,0.636
2517001,UMBUZEIRO,0.584
2517100,VÁRZEA,0.707
2517209,VIEIRÓPOLIS,0.571
2517407,ZABELÊ,0.623
2600054,ABREU E LIMA,0.679
2600104,AFOGADOS DA INGAZEIRA,0.657
2600203,AFRÂNIO,0.588
2600302,AGRESTINA,0.592
2600401,ÁGUA PRETA,0.553
2600500,ÁGUAS BELAS,0.526
2600609,ALAGOINHA,0.599
2600708,ALIANÇA,0.604
2600807,ALTINHO,0.598
2600906,AMARAJI,0.58
2601003,ANGELIM,0.572
2601052,ARAÇOIABA,0.592
2601102,ARARIPINA,0.602
2601201,ARCOVERDE,0.667
2601300,BARRA DE GUABIRABA,0.577
2601409,BARREIROS,0.586
2601508,BELÉM DE MARIA,0.578
2601607,BELÉM DO SÃO FRANCISCO,0.642
2601706,BELO JARDIM,0.629
2601805,BETÂNIA,0.559
2601904,BEZERROS,0.606
2602001,BODOCÓ,0.565
2602100,BOM CONSELHO,0.563
2602209,BOM JARDIM,0.602
2602308,BONITO,0.561
2602407,BREJÃO,0.547
2602506,BREJINHO,0.574
2602605,BREJO DA MADRE DE DEUS,0.562
2602704,BUENOS AIRES,0.593
2602803,BUÍQUE,0.527
2602902,CABO DE SANTO AGOSTINHO,0.686
2603009,CABROBÓ,0.623
2603108,CACHOEIRINHA,0.579
2603207,CAETÉS,0.522
2603306,CALÇADO,0.566
2603405,CALUMBI,0.571
2603454,CAMARAGIBE,0.692
2603504,CAMOCIM DE SÃO FÉLIX,0.588
2603603,CAMUTANGA,0.606
2603702,CANHOTINHO,0.541
2603801,CAPOEIRAS,0.549
2603900,CARNAÍBA,0.583
2603926,CARNAUBEIRA DA PENHA,0.573
2604007,CARPINA,0.68
2604106,CARUARU,0.677
2604155,CASINHAS,0.567
2604205,CATENDE,0.609
2604304,CEDRO,0.615
2604403,CHÃ DE ALEGRIA,0.604
2604502,CHÃ GRANDE,0.599
2604601,CONDADO,0.602
2604700,CORRENTES,0.536
2604809,CORTÊS,0.568
2604908,CUMARU,0.572
2605004,CUPIRA,0.592
2605103,CUSTÓDIA,0.594
2605152,DORMENTES,0.589
2605202,ESCADA,0.632
2605301,EXU,0.576
2605400,FEIRA NOVA,0.6
2605459,FERNANDO DE NORONHA,0.788
2605509,FERREIROS,0.622
2605608,FLORES,0.556
2605707,FLORESTA,0.626
2605806,FREI MIGUELINHO,0.576
2605905,GAMELEIRA,0.602
2606002,GARANHUNS,0.664
2606101,GLÓRIA DO GOITÁ,0.604
2606200,GOIANA,0.651
2606309,GRANITO,0.595
2606408,GRAVATÁ,0.634
2606507,IATI,0.528
2606606,IBIMIRIM,0.552
2606705,IBIRAJUBA,0.58
2606804,IGARASSU,0.665
2606903,IGUARACI,0.598
2607000,INAJÁ,0.523
2607109,INGAZEIRA,0.608
2607208,IPOJUCA,0.619
2607307,IPUBI,0.55
2607406,ITACURUBA,0.595
2607505,ITAÍBA,0.51
2607604,ILHA DE ITAMARACÁ,0.653
2607653,ITAMBÉ,0.575
2607703,ITAPETIM,0.592
2607752,ITAPISSUMA,0.633
2607802,ITAQUITINGA,0.586
2607901,JABOATÃO DOS GUARARAPES,0.717
2607950,JAQUEIRA,0.575
2608008,JATAÚBA,0.53
2608057,JATOBÁ,0.645
2608107,JOÃO ALFREDO,0.576
2608206,JOAQUIM NABUCO,0.554
2608255,JUCATI,0.55
2608305,JUPI,0.575
2608404,JUREMA,0.509
2608453,LAGOA DO CARRO,0.609
2608503,LAGOA DE ITAENGA,0.602
2608602,LAGOA DO OURO,0.525
2608701,LAGOA DOS GATOS,0.551
2608750,LAGOA GRANDE,0.597
2608800,LAJEDO,0.611
2608909,LIMOEIRO,0.663
2609006,MACAPARANA,0.609
2609105,MACHADOS,0.578
2609154,MANARI,0.487
2609204,MARAIAL,0.534
2609303,MIRANDIBA,0.591
2609402,MORENO,0.652
2609501,NAZARÉ DA MATA,0.662
2609600,OLINDA,0.735
2609709,OROBÓ,0.61
2609808,OROCÓ,0.61
2609907,OURICURI,0.572
2610004,PALMARES,0.622
2610103,PALMEIRINA,0.549
2610202,PANELAS,0.569
2610301,PARANATAMA,0.537
2610400,PARNAMIRIM,0.599
2610509,PASSIRA,0.592
2610608,PAUDALHO,0.639
2610707,PAULISTA,0.732
2610806,PEDRA,0.567
2610905,PESQUEIRA,0.61
2611002,PETROLÂNDIA,0.623
2611101,PETROLINA,0.697
2611200,POÇÃO,0.528
2611309,POMBOS,0.598
2611408,PRIMAVERA,0.58
2611507,QUIPAPÁ,0.552
2611533,QUIXABA,0.577
2611606,RECIFE,0.772
2611705,RIACHO DAS ALMAS,0.57
2611804,RIBEIRÃO,0.602
2611903,RIO FORMOSO,0.613
2612000,SAIRÉ,0.585
2612109,SALGADINHO,0.534
2612208,SALGUEIRO,0.669
2612307,SALOÁ,0.559
2612406,SANHARÓ,0.603
2612455,SANTA CRUZ,0.549
2612471,SANTA CRUZ DA BAIXA VERDE,0.612
2612505,SANTA CRUZ DO CAPIBARIBE,0.648
2612554,SANTA FILOMENA,0.533
2612604,SANTA MARIA DA BOA VISTA,0.59
2612703,SANTA MARIA DO CAMBUCÁ,0.548
2612802,SANTA TEREZINHA,0.593
2612901,SÃO BENEDITO DO SUL,0.53
2613008,SÃO BENTO DO UNA,0.593
2613107,SÃO CAITANO,0.591
2613206,SÃO JOÃO,0.57
2613305,SÃO JOAQUIM DO MONTE,0.537
2613404,SÃO JOSÉ DA COROA GRANDE,0.608
2613503,SÃO JOSÉ DO BELMONTE,0.61
2613602,SÃO JOSÉ DO EGITO,0.635
2613701,SÃO LOURENÇO DA MATA,0.653
2613800,SÃO VICENTE FERRER,0.549
2613909,SERRA TALHADA,0.661
2614006,SERRITA,0.595
2614105,SERTÂNIA,0.613
2614204,SIRINHAÉM,0.597
2614303,MOREILÂNDIA,0.6
2614402,SOLIDÃO,0.585
2614501,SURUBIM,0.635
2614600,TABIRA,0.605
2614709,TACAIMBÓ,0.554
2614808,TACARATU,0.573
2614857,TAMANDARÉ,0.593
2615003,TAQUARITINGA DO NORTE,0.641
2615102,TEREZINHA,0.545
2615201,TERRA NOVA,0.599
2615300,TIMBAÚBA,0.618
2615409,TORITAMA,0.618
2615508,TRACUNHAÉM,0.605
2615607,TRINDADE,0.595
2615706,TRIUNFO,0.67
2615805,TUPANATINGA,0.519
2615904,TUPARETAMA,0.634
2616001,VENTUROSA,0.592
2616100,VERDEJANTE,0.605
2616183,VERTENTE DO LÉRIO,0.563
2616209,VERTENTES,0.582
2616308,VICÊNCIA,0.605
2616407,VITÓRIA DE SANTO ANTÃO,0.64
2616506,XEXÉU,0.552
2700102,ÁGUA BRANCA,0.549
2700201,ANADIA,0.568
2700300,ARAPIRACA,0.649
2700409,ATALAIA,0.561
2700508,BARRA DE SANTO ANTÔNIO,0.557
2700607,BARRA DE SÃO MIGUEL,0.615
2700706,BATALHA,0.594
2700805,BELÉM,0.593
2700904,BELO MONTE,0.517
2701001,BOCA DA MATA,0.604
2701100,BRANQUINHA,0.513
2701209,CACIMBINHAS,0.531
2701308,CAJUEIRO,0.562
2701357,CAMPESTRE,0.559
2701407,CAMPO ALEGRE,0.57
2701506,CAMPO GRANDE,0.524
2701605,CANAPI,0.506
2701704,CAPELA,0.573
2701803,CARNEIROS,0.526
2701902,CHÃ PRETA,0.575
2702009,COITÉ DO NÓIA,0.533
2702108,COLÔNIA LEOPOLDINA,0.517
2702207,COQUEIRO SECO,0.586
2702306,CORURIPE,0.626
2702355,CRAÍBAS,0.525
2702405,DELMIRO GOUVEIA,0.612
2702504,DOIS RIACHOS,0.532
2702553,ESTRELA DE ALAGOAS,0.534
2702603,FEIRA GRANDE,0.533
2702702,FELIZ DESERTO,0.565
2702801,FLEXEIRAS,0.527
2702900,GIRAU DO PONCIANO,0.536
2703007,IBATEGUARA,0.518
2703106,IGACI,0.564
2703205,IGREJA NOVA,0.568
2703304,INHAPI,0.484
2703403,JACARÉ DOS HOMENS,0.583
2703502,JACUÍPE,0.548
2703601,JAPARATINGA,0.57
2703700,JARAMATAIA,0.552
2703759,JEQUIÁ DA PRAIA,0.556
2703809,JOAQUIM GOMES,0.531
2703908,JUNDIÁ,0.562
2704005,JUNQUEIRO,0.575
2704104,LAGOA DA CANOA,0.552
2704203,LIMOEIRO DE ANADIA,0.58
2704302,MACEIÓ,0.721
2704401,MAJOR ISIDORO,0.566
2704500,MARAGOGI,0.574
2704609,MARAVILHA,0.569
2704708,MARECHAL DEODORO,0.642
2704807,MARIBONDO,0.597
2704906,MAR VERMELHO,0.577
2705002,MATA GRANDE,0.504
2705101,MATRIZ DE CAMARAGIBE,0.584
2705200,MESSIAS,0.568
2705309,MINADOR DO NEGRÃO,0.563
2705408,MONTEIRÓPOLIS,0.539
2705507,MURICI,0.527
2705606,NOVO LINO,0.521
2705705,OLHO D'ÁGUA DAS FLORES,0.565
2705804,OLHO D'ÁGUA DO CASADO,0.525
2705903,OLHO D'ÁGUA GRANDE,0.503
2706000,OLIVENÇA,0.493
2706109,OURO BRANCO,0.547
2706208,PALESTINA,0.558
2706307,PALMEIRA DOS ÍNDIOS,0.638
2706406,PÃO DE AÇÚCAR,0.593
2706422,PARICONHA,0.548
2706448,PARIPUEIRA,0.605
2706505,PASSO DE CAMARAGIBE,0.533
2706604,PAULO JACINTO,0.589
2706703,PENEDO,0.63
2706802,PIAÇABUÇU,0.572
2706901,PILAR,0.61
2707008,PINDOBA,0.574
2707107,PIRANHAS,0.589
2707206,POÇO DAS TRINCHEIRAS,0.526
2707305,PORTO CALVO,0.586
2707404,PORTO DE PEDRAS,0.541
2707503,PORTO REAL DO COLÉGIO,0.551
2707602,QUEBRANGULO,0.559
2707701,RIO LARGO,0.643
2707800,ROTEIRO,0.505
2707909,SANTA LUZIA DO NORTE,0.597
2708006,SANTANA DO IPANEMA,0.591
2708105,SANTANA DO MUNDAÚ,0.519
2708204,SÃO BRÁS,0.572
2708303,SÃO JOSÉ DA LAJE,0.573
2708402,SÃO JOSÉ DA TAPERA,0.527
2708501,SÃO LUÍS DO QUITUNDE,0.536
2708600,SÃO MIGUEL DOS CAMPOS,0.623
2708709,SÃO MIGUEL DOS MILAGRES,0.591
2708808,SÃO SEBASTIÃO,0.549
2708907,SATUBA,0.66
2708956,SENADOR RUI PALMEIRA,0.518
2709004,TANQUE D'ARCA,0.555
2709103,TAQUARANA,0.541
2709152,TEOTÔNIO VILELA,0.564
2709202,TRAIPU,0.532
2709301,UNIÃO DOS PALMARES,0.593
2709400,VIÇOSA,0.586
2800100,AMPARO DE SÃO FRANCISCO,0.611
2800209,AQUIDABÃ,0.578
2800308,ARACAJU,0.77
2800407,ARAUÁ,0.595
2800506,AREIA BRANCA,0.579
2800605,BARRA DOS COQUEIROS,0.649
2800670,BOQUIM,0.604
2800704,BREJO GRANDE,0.54
2801009,CAMPO DO BRITO,0.621
2801108,CANHOBA,0.569
2801207,CANINDÉ DE SÃO FRANCISCO,0.567
2801306,CAPELA,0.615
2801405,CARIRA,0.588
2801504,CARMÓPOLIS,0.643
2801603,CEDRO DE SÃO JOÃO,0.623
2801702,CRISTINÁPOLIS,0.553
2801900,CUMBE,0.604
2802007,DIVINA PASTORA,0.61
2802106,ESTÂNCIA,0.647
2802205,FEIRA NOVA,0.584
2802304,FREI PAULO,0.589
2802403,GARARU,0.564
2802502,GENERAL MAYNARD,0.645
2802601,GRACHO CARDOSO,0.577
2802700,ILHA DAS FLORES,0.562
2802809,INDIAROBA,0.58
2802908,ITABAIANA,0.642
2803005,ITABAIANINHA,0.556
2803104,ITABI,0.602
2803203,ITAPORANGA D'AJUDA,0.561
2803302,JAPARATUBA,0.621
2803401,JAPOATÃ,0.56
2803500,LAGARTO,0.625
2803609,LARANJEIRAS,0.642
2803708,MACAMBIRA,0.583
2803807,MALHADA DOS BOIS,0.599
2803906,MALHADOR,0.587
2804003,MARUIM,0.618
2804102,MOITA BONITA,0.587
2804201,MONTE ALEGRE DE SERGIPE,0.553
2804300,MURIBECA,0.626
2804409,NEÓPOLIS,0.589
2804458,NOSSA SENHORA APARECIDA,0.577
2804508,NOSSA SENHORA DA GLÓRIA,0.587
2804607,NOSSA SENHORA DAS DORES,0.6
2804706,NOSSA SENHORA DE LOURDES,0.598
2804805,NOSSA SENHORA DO SOCORRO,0.664
2804904,PACATUBA,0.555
2805000,PEDRA MOLE,0.593
2805109,PEDRINHAS,0.592
2805208,PINHÃO,0.583
2805307,PIRAMBU,0.603
2805406,POÇO REDONDO,0.529
2805505,POÇO VERDE,0.561
2805604,PORTO DA FOLHA,0.568
2805703,PROPRIÁ,0.661
2805802,RIACHÃO DO DANTAS,0.539
2805901,RIACHUELO,0.617
2806008,RIBEIRÓPOLIS,0.613
2806107,ROSÁRIO DO CATETE,0.631
2806206,SALGADO,0.609
2806305,SANTA LUZIA DO ITANHY,0.545
2806404,SANTANA DO SÃO FRANCISCO,0.59
2806503,SANTA ROSA DE LIMA,0.592
2806602,SANTO AMARO DAS BROTAS,0.637
2806701,SÃO CRISTÓVÃO,0.662
2806800,SÃO DOMINGOS,0.588
2806909,SÃO FRANCISCO,0.587
2807006,SÃO MIGUEL DO ALEIXO,0.567
2807105,SIMÃO DIAS,0.604
2807204,SIRIRI,0.609
2807303,TELHA,0.604
2807402,TOBIAS BARRETO,0.557
2807501,TOMAR DO GERU,0.551
2807600,UMBAÚBA,0.579
2900108,ABAÍRA,0.603
2900207,ABARÉ,0.575
2900306,ACAJUTIBA,0.582
2900355,ADUSTINA,0.546
2900405,ÁGUA FRIA,0.55
2900504,ÉRICO CARDOSO,0.584
2900603,AIQUARA,0.583
2900702,ALAGOINHAS,0.683
2900801,ALCOBAÇA,0.608
2900900,ALMADINA,0.563
2901007,AMARGOSA,0.625
2901106,AMÉLIA RODRIGUES,0.666
2901155,AMÉRICA DOURADA,0.561
2901205,ANAGÉ,0.54
2901304,ANDARAÍ,0.555
2901353,ANDORINHA,0.588
2901403,ANGICAL,0.625
2901502,ANGUERA,0.589
2901601,ANTAS,0.592
2901700,ANTÔNIO CARDOSO,0.561
2901809,ANTÔNIO GONÇALVES,0.598
2901908,APORÁ,0.548
2901957,APUAREMA,0.552
2902005,ARACATU,0.581
2902054,ARAÇAS,0.57
2902104,ARACI,0.534
2902203,ARAMARI,0.588
2902252,ARATACA,0.559
2902302,ARATUÍPE,0.575
2902401,AURELINO LEAL,0.568
2902500,BAIANÓPOLIS,0.589
2902609,BAIXA GRANDE,0.585
2902658,BANZAÊ,0.579
2902708,BARRA,0.557
2902807,BARRA DA ESTIVA,0.575
2902906,BARRA DO CHOÇA,0.551
2903003,BARRA DO MENDES,0.63
2903102,BARRA DO ROCHA,0.577
2903201,BARREIRAS,0.721
2903235,BARRO ALTO,0.607
2903276,BARROCAS,0.61
2903300,BARRO PRETO,0.602
2903409,BELMONTE,0.598
2903508,BELO CAMPO,0.575
2903607,BIRITINGA,0.538
2903706,BOA NOVA,0.567
2903805,BOA VISTA DO TUPIM,0.551
2903904,BOM JESUS DA LAPA,0.633
2903953,BOM JESUS DA SERRA,0.546
2904001,BONINAL,0.612
2904050,BONITO,0.561
2904100,BOQUIRA,0.603
2904209,BOTUPORÃ,0.575
2904308,BREJÕES,0.597
2904407,BREJOLÂNDIA,0.592
2904506,BROTAS DE MACAÚBAS,0.57
2904605,BRUMADO,0.656
2904704,BUERAREMA,0.613
2904753,BURITIRAMA,0.565
2904803,CAATIBA,0.561
2904852,CABACEIRAS DO PARAGUAÇU,0.581
2904902,CACHOEIRA,0.647
2905008,CACULÉ,0.637
2905107,CAÉM,0.546
2905156,CAETANOS,0.542
2905206,CAETITÉ,0.625
2905305,CAFARNAUM,0.584
2905404,CAIRU,0.627
2905503,CALDEIRÃO GRANDE,0.573
2905602,CAMACAN,0.581
2905701,CAMAÇARI,0.694
2905800,CAMAMU,0.565
2905909,CAMPO ALEGRE DE LOURDES,0.557
2906006,CAMPO FORMOSO,0.586
2906105,CANÁPOLIS,0.565
2906204,CANARANA,0.587
2906303,CANAVIEIRAS,0.59
2906402,CANDEAL,0.587
2906501,CANDEIAS,0.691
2906600,CANDIBA,0.591
2906709,CÂNDIDO SALES,0.601
2906808,CANSANÇÃO,0.557
2906824,CANUDOS,0.562
2906857,CAPELA DO ALTO ALEGRE,0.599
2906873,CAPIM GROSSO,0.621
2906899,CARAÍBAS,0.555
2906907,CARAVELAS,0.616
2907004,CARDEAL DA SILVA,0.552
2907103,CARINHANHA,0.576
2907202,CASA NOVA,0.57
2907301,CASTRO ALVES,0.613
2907400,CATOLÂNDIA,0.582
2907509,CATU,0.677
2907558,CATURAMA,0.571
2907608,CENTRAL,0.596
2907707,CHORROCHÓ,0.6
2907806,CÍCERO DANTAS,0.585
2907905,CIPÓ,0.601
2908002,COARACI,0.613
2908101,COCOS,0.596
2908200,CONCEIÇÃO DA FEIRA,0.634
2908309,CONCEIÇÃO DO ALMEIDA,0.606
2908408,CONCEIÇÃO DO COITÉ,0.611
2908507,CONCEIÇÃO DO JACUÍPE,0.663
2908606,CONDE,0.56
2908705,CONDEÚBA,0.582
2908804,CONTENDAS DO SINCORÁ,0.577
2908903,CORAÇÃO DE MARIA,0.592
2909000,CORDEIROS,0.579
2909109,CORIBE,0.6
2909208,CORONEL JOÃO SÁ,0.535
2909307,CORRENTINA,0.603
2909406,COTEGIPE,0.59
2909505,CRAVOLÂNDIA,0.599
2909604,CRISÓPOLIS,0.543
2909703,CRISTÓPOLIS,0.614
2909802,CRUZ DAS ALMAS,0.699
2909901,CURAÇÁ,0.581
2910008,DÁRIO MEIRA,0.54
2910057,DIAS D'ÁVILA,0.676
2910107,DOM BASÍLIO,0.591
2910206,DOM MACEDO COSTA,0.632
2910305,ELÍSIO MEDRADO,0.623
2910404,ENCRUZILHADA,0.544
2910503,ENTRE RIOS,0.615
2910602,ESPLANADA,0.589
2910701,EUCLIDES DA CUNHA,0.567
2910727,EUNÁPOLIS,0.677
2910750,FÁTIMA,0.559
2910776,FEIRA DA MATA,0.588
2910800,FEIRA DE SANTANA,0.712
2910859,FILADÉLFIA,0.565
2910909,FIRMINO ALVES,0.578
2911006,FLORESTA AZUL,0.557
2911105,FORMOSA DO RIO PRETO,0.618
2911204,GANDU,0.632
2911253,GAVIÃO,0.599
2911303,GENTIO DO OURO,0.559
2911402,GLÓRIA,0.593
2911501,GONGOGI,0.576
2911600,GOVERNADOR MANGABEIRA,0.643
2911659,GUAJERU,0.569
2911709,GUANAMBI,0.673
2911808,GUARATINGA,0.558
2911857,HELIÓPOLIS,0.563
2911907,IAÇU,0.574
2912004,IBIASSUCÊ,0.611
2912103,IBICARAÍ,0.625
2912202,IBICOARA,0.591
2912301,IBICUÍ,0.584
2912400,IBIPEBA,0.616
2912509,IBIPITANGA,0.584
2912608,IBIQUERA,0.511
2912707,IBIRAPITANGA,0.558
2912806,IBIRAPUÃ,0.614
2912905,IBIRATAIA,0.576
2913002,IBITIARA,0.585
2913101,IBITITÁ,0.602
2913200,IBOTIRAMA,0.636
2913309,ICHU,0.631
2913408,IGAPORÃ,0.614
2913457,IGRAPIÚNA,0.574
2913507,IGUAÍ,0.552
2913606,ILHÉUS,0.69
2913705,INHAMBUPE,0.565
2913804,IPECAETÁ,0.55
2913903,IPIAÚ,0.67
2914000,IPIRÁ,0.549
2914109,IPUPIARA,0.59
2914208,IRAJUBA,0.576
2914307,IRAMAIA,0.571
2914406,IRAQUARA,0.599
2914505,IRARÁ,0.62
2914604,IRECÊ,0.691
2914653,ITABELA,0.599
2914703,ITABERABA,0.62
2914802,ITABUNA,0.712
2914901,ITACARÉ,0.583
2915007,ITAETÉ,0.572
2915106,ITAGI,0.543
2915205,ITAGIBÁ,0.589
2915304,ITAGIMIRIM,0.634
2915353,ITAGUAÇU DA BAHIA,0.562
2915403,ITAJU DO COLÔNIA,0.592
2915502,ITAJUÍPE,0.599
2915601,ITAMARAJU,0.627
2915700,ITAMARI,0.578
2915809,ITAMBÉ,0.578
2915908,ITANAGRA,0.584
2916005,ITANHÉM,0.637
2916104,ITAPARICA,0.67
2916203,ITAPÉ,0.599
2916302,ITAPEBI,0.572
2916401,ITAPETINGA,0.667
2916500,ITAPICURU,0.486
2916609,ITAPITANGA,0.571
2916708,ITAQUARA,0.553
2916807,ITARANTIM,0.61
2916856,ITATIM,0.582
2916906,ITIRUÇU,0.6
2917003,ITIÚBA,0.544
2917102,ITORORÓ,0.594
2917201,ITUAÇU,0.57
2917300,ITUBERÁ,0.606
2917334,IUIÚ,0.591
2917359,JABORANDI,0.613
2917409,JACARACI,0.593
2917508,JACOBINA,0.649
2917607,JAGUAQUARA,0.58
2917706,JAGUARARI,0.659
2917805,JAGUARIPE,0.556
2917904,JANDAÍRA,0.55
2918001,JEQUIÉ,0.665
2918100,JEREMOABO,0.547
2918209,JIQUIRIÇÁ,0.553
2918308,JITAÚNA,0.575
2918357,JOÃO DOURADO,0.593
2918407,JUAZEIRO,0.677
2918456,JUCURUÇU,0.541
2918506,JUSSARA,0.571
2918555,JUSSARI,0.567
2918605,JUSSIAPE,0.602
2918704,LAFAIETE COUTINHO,0.599
2918753,LAGOA REAL,0.545
2918803,LAJE,0.586
2918902,LAJEDÃO,0.632
2919009,LAJEDINHO,0.546
2919058,LAJEDO DO TABOCAL,0.584
2919108,LAMARÃO,0.518
2919157,LAPÃO,0.596
2919207,LAURO DE FREITAS,0.754
2919306,LENÇÓIS,0.623
2919405,LICÍNIO DE ALMEIDA,0.621
2919504,LIVRAMENTO DE NOSSA SENHORA,0.611
2919553,LUÍS EDUARDO MAGALHÃES,0.716
2919603,MACAJUBA,0.524
2919702,MACARANI,0.605
2919801,MACAÚBAS,0.609
2919900,MACURURÉ,0.604
2919926,MADRE DE DEUS,0.708
2919959,MAETINGA,0.538
2920007,MAIQUINIQUE,0.576
2920106,MAIRI,0.572
2920205,MALHADA,0.562
2920304,MALHADA DE PEDRAS,0.578
2920403,MANOEL VITORINO,0.566
2920452,MANSIDÃO,0.599
2920502,MARACÁS,0.607
2920601,MARAGOGIPE,0.621
2920700,MARAÚ,0.593
2920809,MARCIONÍLIO SOUZA,0.561
2920908,MASCOTE,0.581
2921005,MATA DE SÃO JOÃO,0.668
2921054,MATINA,0.572
2921104,MEDEIROS NETO,0.625
2921203,MIGUEL CALMON,0.586
2921302,MILAGRES,0.622
2921401,MIRANGABA,0.542
2921450,MIRANTE,0.527
2921500,MONTE SANTO,0.506
2921609,MORPARÁ,0.558
2921708,MORRO DO CHAPÉU,0.588
2921807,MORTUGABA,0.618
2921906,MUCUGÊ,0.606
2922003,MUCURI,0.665
2922052,MULUNGU DO MORRO,0.566
2922102,MUNDO NOVO,0.59
2922201,MUNIZ FERREIRA,0.617
2922250,MUQUÉM DE SÃO FRANCISCO,0.549
2922300,MURITIBA,0.66
2922409,MUTUÍPE,0.601
2922508,NAZARÉ,0.641
2922607,NILO PEÇANHA,0.547
2922656,NORDESTINA,0.56
2922706,NOVA CANAÃ,0.545
2922730,NOVA FÁTIMA,0.597
2922755,NOVA IBIÁ,0.57
2922805,NOVA ITARANA,0.524
2922854,NOVA REDENÇÃO,0.567
2922904,NOVA SOURE,0.555
2923001,NOVA VIÇOSA,0.654
2923035,NOVO HORIZONTE,0.597
2923050,NOVO TRIUNFO,0.554
2923100,OLINDINA,0.559
2923209,OLIVEIRA DOS BREJINHOS,0.554
2923308,OURIÇANGAS,0.607
2923357,OUROLÂNDIA,0.56
2923407,PALMAS DE MONTE ALTO,0.586
2923506,PALMEIRAS,0.643
2923605,PARAMIRIM,0.615
2923704,PARATINGA,0.59
2923803,PARIPIRANGA,0.577
2923902,PAU BRASIL,0.583
2924009,PAULO AFONSO,0.674
2924058,PÉ DE SERRA,0.587
2924108,PEDRÃO,0.588
2924207,PEDRO ALEXANDRE,0.513
2924306,PIATÃ,0.571
2924405,PILÃO ARCADO,0.506
2924504,PINDAÍ,0.603
2924603,PINDOBAÇU,0.577
2924652,PINTADAS,0.612
2924678,PIRAÍ DO NORTE,0.533
2924702,PIRIPÁ,0.575
2924801,PIRITIBA,0.578
2924900,PLANALTINO,0.572
2925006,PLANALTO,0.56
2925105,POÇÕES,0.604
2925204,POJUCA,0.666
2925253,PONTO NOVO,0.58
2925303,PORTO SEGURO,0.676
2925402,POTIRAGUÁ,0.625
2925501,PRADO,0.621
2925600,PRESIDENTE DUTRA,0.614
2925709,PRESIDENTE JÂNIO QUADROS,0.542
2925758,PRESIDENTE TANCREDO NEVES,0.559
2925808,QUEIMADAS,0.592
2925907,QUIJINGUE,0.544
2925931,QUIXABEIRA,0.578
2925956,RAFAEL JAMBEIRO,0.564
2926004,REMANSO,0.579
2926103,RETIROLÂNDIA,0.636
2926202,RIACHÃO DAS NEVES,0.578
2926301,RIACHÃO DO JACUÍPE,0.628
2926400,RIACHO DE SANTANA,0.615
2926509,RIBEIRA DO AMPARO,0.512
2926608,RIBEIRA DO POMBAL,0.601
2926657,RIBEIRÃO DO LARGO,0.54
2926707,RIO DE CONTAS,0.605
2926806,RIO DO ANTÔNIO,0.576
2926905,RIO DO PIRES,0.594
2927002,RIO REAL,0.572
2927101,RODELAS,0.632
2927200,RUY BARBOSA,0.61
2927309,SALINAS DA MARGARIDA,0.617
2927408,SALVADOR,0.759
2927507,SANTA BÁRBARA,0.583
2927606,SANTA BRÍGIDA,0.546
2927705,SANTA CRUZ CABRÁLIA,0.654
2927804,SANTA CRUZ DA VITÓRIA,0.61
2927903,SANTA INÊS,0.574
2928000,SANTALUZ,0.598
2928059,SANTA LUZIA,0.556
2928109,SANTA MARIA DA VITÓRIA,0.614
2928208,SANTANA,0.608
2928307,SANTANÓPOLIS,0.592
2928406,SANTA RITA DE CÁSSIA,0.605
2928505,SANTA TERESINHA,0.587
2928604,SANTO AMARO,0.646
2928703,SANTO ANTÔNIO DE JESUS,0.7
2928802,SANTO ESTÊVÃO,0.626
2928901,SÃO DESIDÉRIO,0.579
2928950,SÃO DOMINGOS,0.64
2929008,SÃO FÉLIX,0.639
2929057,SÃO FÉLIX DO CORIBE,0.639
2929107,SÃO FELIPE,0.616
2929206,SÃO FRANCISCO DO CONDE,0.674
2929255,SÃO GABRIEL,0.592
2929305,SÃO GONÇALO DOS CAMPOS,0.627
2929354,SÃO JOSÉ DA VITÓRIA,0.546
2929370,SÃO JOSÉ DO JACUÍPE,0.552
2929404,SÃO MIGUEL DAS MATAS,0.593
2929503,SÃO SEBASTIÃO DO PASSÉ,0.657
2929602,SAPEAÇU,0.614
2929701,SÁTIRO DIAS,0.527
2929750,SAUBARA,0.617
2929800,SAÚDE,0.549
2929909,SEABRA,0.635
2930006,SEBASTIÃO LARANJEIRAS,0.615
2930105,SENHOR DO BONFIM,0.666
2930154,SERRA DO RAMALHO,0.595
2930204,SENTO SÉ,0.585
2930303,SERRA DOURADA,0.608
2930402,SERRA PRETA,0.566
2930501,SERRINHA,0.634
2930600,SERROLÂNDIA,0.59
2930709,SIMÕES FILHO,0.675
2930758,SÍTIO DO MATO,0.564
2930766,SÍTIO DO QUINTO,0.533
2930774,SOBRADINHO,0.631
2930808,SOUTO SOARES,0.592
2930907,TABOCAS DO BREJO VELHO,0.584
2931004,TANHAÇU,0.577
2931053,TANQUE NOVO,0.599
2931103,TANQUINHO,0.597
2931202,TAPEROÁ,0.566
2931301,TAPIRAMUTÁ,0.594
2931350,TEIXEIRA DE FREITAS,0.685
2931400,TEODORO SAMPAIO,0.594
2931509,TEOFILÂNDIA,0.566
2931608,TEOLÂNDIA,0.555
2931707,TERRA NOVA,0.578
2931806,TREMEDAL,0.528
2931905,TUCANO,0.579
2932002,UAUÁ,0.605
2932101,UBAÍRA,0.582
2932200,UBAITABA,0.611
2932309,UBATÃ,0.593
2932408,UIBAÍ,0.617
2932457,UMBURANAS,0.515
2932507,UNA,0.56
2932606,URANDI,0.598
2932705,URUÇUCA,0.616
2932804,UTINGA,0.59
2932903,VALENÇA,0.623
2933000,VALENTE,0.637
2933059,VÁRZEA DA ROÇA,0.539
2933109,VÁRZEA DO POÇO,0.575
2933158,VÁRZEA NOVA,0.555
2933174,VARZEDO,0.586
2933208,VERA CRUZ,0.645
2933257,VEREDA,0.577
2933307,VITÓRIA DA CONQUISTA,0.678
2933406,WAGNER,0.587
2933455,WANDERLEY,0.6
2933505,WENCESLAU GUIMARÃES,0.544
2933604,XIQUE-XIQUE,0.585
3100104,Abadia dos Dourados,0.689
3100203,Abaeté,0.698
3100302,Abre Campo,0.654
3100401,Acaiaca,0.63
3100500,Açucena,0.61
3100609,Água Boa,0.576
3100708,Água Comprida,0.675
3100807,Aguanil,0.663
3100906,Águas Formosas,0.645
3101003,Águas Vermelhas,0.601
3101102,Aimorés,0.684
3101201,Aiuruoca,0.668
3101300,Alagoa,0.649
3101409,Albertina,0.673
3101508,Além Paraíba,0.726
3101607,Alfenas,0.761
3101631,Alfredo Vasconcelos,0.675
3101706,Almenara,0.642
3101805,Alpercata,0.646
3101904,Alpinópolis,0.725
3102001,Alterosa,0.668
3102050,Alto Caparaó,0.661
3102100,Alto Rio Doce,0.62
3102209,Alvarenga,0.592
3102308,Alvinópolis,0.676
3102407,Alvorada de Minas,0.572
3102506,Amparo do Serra,0.641
3102605,Andradas,0.734
3102704,Cachoeira de Pajeú,0.578
3102803,Andrelândia,0.7
3102852,Angelândia,0.597
3102902,Antônio Carlos,0.683
3103009,Antônio Dias,0.645
3103108,Antônio Prado de Minas,0.684
3103207,Araçaí,0.695
3103306,Aracitaba,0.661
3103405,Araçuaí,0.663
3103504,Araguari,0.773
3103603,Arantina,0.697
3103702,Araponga,0.536
3103751,Araporã,0.708
3103801,Arapuá,0.724
3103900,Araújos,0.698
3104007,Araxá,0.772
3104106,Arceburgo,0.683
3104205,Arcos,0.749
3104304,Areado,0.727
3104403,Argirita,0.643
3104452,Aricanduva,0.582
3104502,Arinos,0.656
3104601,Astolfo Dutra,0.694
3104700,Ataléia,0.588
3104809,Augusto de Lima,0.656
3104908,Baependi,0.681
3105004,Baldim,0.671
3105103,Bambuí,0.741
3105202,Bandeira,0.599
3105301,Bandeira do Sul,0.692
3105400,Barão de Cocais,0.722
3105509,Barão de Monte Alto,0.649
3105608,Barbacena,0.769
3105707,Barra Longa,0.624
3105905,Barroso,0.734
3106002,Bela Vista de Minas,0.674
3106101,Belmiro Braga,0.66
3106200,Belo Horizonte,0.81
3106309,Belo Oriente,0.686
3106408,Belo Vale,0.655
3106507,Berilo,0.628
3106606,Bertópolis,0.594
3106655,Berizal,0.604
3106705,Betim,0.749
3106804,Bias Fortes,0.62
3106903,Bicas,0.744
3107000,Biquinhas,0.688
3107109,Boa Esperança,0.704
3107208,Bocaina de Minas,0.645
3107307,Bocaiúva,0.7
3107406,Bom Despacho,0.75
3107505,Bom Jardim de Minas,0.673
3107604,Bom Jesus da Penha,0.735
3107703,Bom Jesus do Amparo,0.683
3107802,Bom Jesus do Galho,0.623
3107901,Bom Repouso,0.653
3108008,Bom Sucesso,0.692
3108107,Bonfim,0.637
3108206,Bonfinópolis de Minas,0.678
3108255,Bonito de Minas,0.537
3108305,Borda da Mata,0.73
3108404,Botelhos,0.702
3108503,Botumirim,0.602
3108552,Brasilândia de Minas,0.674
3108602,Brasília de Minas,0.656
3108701,Brás Pires,0.625
3108800,Braúnas,0.624
3108909,Brasópolis,0.692
3109006,Brumadinho,0.747
3109105,Bueno Brandão,0.658
3109204,Buenópolis,0.669
3109253,Bugre,0.627
3109303,Buritis,0.672
3109402,Buritizeiro,0.624
3109451,Cabeceira Grande,0.648
3109501,Cabo Verde,0.674
3109600,Cachoeira da Prata,0.741
3109709,Cachoeira de Minas,0.706
3109808,Cachoeira Dourada,0.726
3109907,Caetanópolis,0.706
3110004,Caeté,0.728
3110103,Caiana,0.633
3110202,Cajuri,0.617
3110301,Caldas,0.687
3110400,Camacho,0.69
3110509,Camanducaia,0.689
3110608,Cambuí,0.751
3110707,Cambuquira,0.699
3110806,Campanário,0.616
3110905,Campanha,0.709
3111002,Campestre,0.698
3111101,Campina Verde,0.704
3111150,Campo Azul,0.621
3111200,Campo Belo,0.711
3111309,Campo do Meio,0.683
3111408,Campo Florido,0.706
3111507,Campos Altos,0.702
3111606,Campos Gerais,0.682
3111705,Canaã,0.649
3111804,Canápolis,0.722
3111903,Cana Verde,0.65
3112000,Candeias,0.678
3112059,Cantagalo,0.631
3112109,Caparaó,0.624
3112208,Capela Nova,0.648
3112307,Capelinha,0.653
3112406,Capetinga,0.675
3112505,Capim Branco,0.695
3112604,Capinópolis,0.723
3112653,Capitão Andrade,0.624
3112703,Capitão Enéas,0.639
3112802,Capitólio,0.71
3112901,Caputira,0.615
3113008,Caraí,0.558
3113107,Caranaíba,0.634
3113206,Carandaí,0.697
3113305,Carangola,0.695
3113404,Caratinga,0.706
3113503,Carbonita,0.638
3113602,Careaçu,0.683
3113701,Carlos Chagas,0.648
3113800,Carmésia,0.65
3113909,Carmo da Cachoeira,0.655
3114006,Carmo da Mata,0.689
3114105,Carmo de Minas,0.682
3114204,Carmo do Cajuru,0.71
3114303,Carmo do Paranaíba,0.705
3114402,Carmo do Rio Claro,0.733
3114501,Carmópolis de Minas,0.7
3114550,Carneirinho,0.741
3114600,Carrancas,0.725
3114709,Carvalhópolis,0.724
3114808,Carvalhos,0.646
3114907,Casa Grande,0.652
3115003,Cascalho Rico,0.721
3115102,Cássia,0.704
3115201,Conceição da Barra de Minas,0.685
3115300,Cataguases,0.751
3115359,Catas Altas,0.684
3115409,Catas Altas da Noruega,0.6
3115458,Catuji,0.54
3115474,Catuti,0.621
3115508,Caxambu,0.743
3115607,Cedro do Abaeté,0.678
3115706,Central de Minas,0.665
3115805,Centralina,0.678
3115904,Chácara,0.664
3116001,Chalé,0.655
3116100,Chapada do Norte,0.598
3116159,Chapada Gaúcha,0.635
3116209,Chiador,0.711
3116308,Cipotânea,0.579
3116407,Claraval,0.698
3116506,Claro dos Poções,0.67
3116605,Cláudio,0.709
3116704,Coimbra,0.669
3116803,Coluna,0.583
3116902,Comendador Gomes,0.697
3117009,Comercinho,0.593
3117108,Conceição da Aparecida,0.691
3117207,Conceição das Pedras,0.668
3117306,Conceição das Alagoas,0.712
3117405,Conceição de Ipanema,0.676
3117504,Conceição do Mato Dentro,0.634
3117603,Conceição do Pará,0.7
3117702,Conceição do Rio Verde,0.665
3117801,Conceição dos Ouros,0.703
3117836,Cônego Marinho,0.621
3117876,Confins,0.747
3117900,Congonhal,0.712
3118007,Congonhas,0.753
3118106,Congonhas do Norte,0.568
3118205,Conquista,0.729
3118304,Conselheiro Lafaiete,0.761
3118403,Conselheiro Pena,0.662
3118502,Consolação,0.673
3118601,Contagem,0.756
3118700,Coqueiral,0.694
3118809,Coração de Jesus,0.642
3118908,Cordisburgo,0.656
3119005,Cordislândia,0.66
3119104,Corinto,0.68
3119203,Coroaci,0.626
3119302,Coromandel,0.708
3119401,Coronel Fabriciano,0.755
3119500,Coronel Murta,0.627
3119609,Coronel Pacheco,0.669
3119708,Coronel Xavier Chaves,0.677
3119807,Córrego Danta,0.692
3119906,Córrego do Bom Jesus,0.692
3119955,Córrego Fundo,0.678
3120003,Córrego Novo,0.632
3120102,Couto de Magalhães de Minas,0.659
3120151,Crisólita,0.585
3120201,Cristais,0.692
3120300,Cristália,0.583
3120409,Cristiano Otoni,0.695
3120508,Cristina,0.668
3120607,Crucilândia,0.651
3120706,Cruzeiro da Fortaleza,0.696
3120805,Cruzília,0.695
3120839,Cuparaque,0.627
3120870,Curral de Dentro,0.585
3120904,Curvelo,0.713
3121001,Datas,0.616
3121100,Delfim Moreira,0.669
3121209,Delfinópolis,0.74
3121258,Delta,0.639
3121308,Descoberto,0.68
3121407,Desterro de Entre Rios,0.639
3121506,Desterro do Melo,0.631
3121605,Diamantina,0.716
3121704,Diogo de Vasconcelos,0.601
3121803,Dionísio,0.702
3121902,Divinésia,0.657
3122009,Divino,0.605
3122108,Divino das Laranjeiras,0.661
3122207,Divinolândia de Minas,0.623
3122306,Divinópolis,0.764
3122355,Divisa Alegre,0.608
3122405,Divisa Nova,0.67
3122454,Divisópolis,0.609
3122470,Dom Bosco,0.673
3122504,Dom Cavati,0.688
3122603,Dom Joaquim,0.622
3122702,Dom Silvério,0.709
3122801,Dom Viçoso,0.687
3122900,Dona Eusébia,0.701
3123007,Dores de Campos,0.686
3123106,Dores de Guanhães,0.636
3123205,Dores do Indaiá,0.719
3123304,Dores do Turvo,0.629
3123403,Doresópolis,0.692
3123502,Douradoquara,0.706
3123528,Durandé,0.645
3123601,Elói Mendes,0.685
3123700,Engenheiro Caldas,0.644
3123809,Engenheiro Navarro,0.655
3123858,Entre Folhas,0.634
3123908,Entre Rios de Minas,0.672
3124005,Ervália,0.625
3124104,Esmeraldas,0.671
3124203,Espera Feliz,0.663
3124302,Espinosa,0.627
3124401,Espírito Santo do Dourado,0.685
3124500,Estiva,0.691
3124609,Estrela Dalva,0.71
3124708,Estrela do Indaiá,0.676
3124807,Estrela do Sul,0.696
3124906,Eugenópolis,0.675
3125002,Ewbank da Câmara,0.676
3125101,Extrema,0.732
3125200,Fama,0.717
3125309,Faria Lemos,0.687
3125408,Felício dos Santos,0.606
3125507,São Gonçalo do Rio Preto,0.64
3125606,Felisburgo,0.583
3125705,Felixlândia,0.648
3125804,Fernandes Tourinho,0.646
3125903,Ferros,0.603
3125952,Fervedouro,0.58
3126000,Florestal,0.724
3126109,Formiga,0.755
3126208,Formoso,0.64
3126307,Fortaleza de Minas,0.67
3126406,Fortuna de Minas,0.696
3126505,Francisco Badaró,0.622
3126604,Francisco Dumont,0.625
3126703,Francisco Sá,0.654
3126752,Franciscópolis,0.603
3126802,Frei Gaspar,0.59
3126901,Frei Inocêncio,0.648
3126950,Frei Lagonegro,0.543
3127008,Fronteira,0.684
3127057,Fronteira dos Vales,0.592
3127073,Fruta de Leite,0.544
3127107,Frutal,0.73
3127206,Funilândia,0.655
3127305,Galiléia,0.654
3127339,Gameleiras,0.65
3127354,Glaucilândia,0.679
3127370,Goiabeira,0.647
3127388,Goianá,0.716
3127404,Gonçalves,0.683
3127503,Gonzaga,0.606
3127602,Gouveia,0.681
3127701,Governador Valadares,0.727
3127800,Grão Mogol,0.604
3127909,Grupiara,0.731
3128006,Guanhães,0.686
3128105,Guapé,0.679
3128204,Guaraciaba,0.623
3128253,Guaraciama,0.677
3128303,Guaranésia,0.701
3128402,Guarani,0.677
3128501,Guarará,0.652
3128600,Guarda-Mor,0.69
3128709,Guaxupé,0.751
3128808,Guidoval,0.683
3128907,Guimarânia,0.693
3129004,Guiricema,0.674
3129103,Gurinhatã,0.68
3129202,Heliodora,0.657
3129301,Iapu,0.654
3129400,Ibertioga,0.657
3129509,Ibiá,0.718
3129608,Ibiaí,0.614
3129657,Ibiracatu,0.591
3129707,Ibiraci,0.706
3129806,Ibirité,0.704
3129905,Ibitiúra de Minas,0.674
3130002,Ibituruna,0.675
3130051,Icaraí de Minas,0.624
3130101,Igarapé,0.698
3130200,Igaratinga,0.651
3130309,Iguatama,0.707
3130408,Ijaci,0.714
3130507,Ilicínea,0.68
3130556,Imbé de Minas,0.553
3130606,Inconfidentes,0.692
3130655,Indaiabira,0.61
3130705,Indianópolis,0.674
3130804,Ingaí,0.697
3130903,Inhapim,0.658
3131000,Inhaúma,0.702
3131109,Inimutaba,0.664
3131158,Ipaba,0.665
3131208,Ipanema,0.693
3131307,Ipatinga,0.771
3131406,Ipiaçu,0.696
3131505,Ipuiúna,0.686
3131604,Iraí de Minas,0.695
3131703,Itabira,0.756
3131802,Itabirinha,0.653
3131901,Itabirito,0.73
3132008,Itacambira,0.628
3132107,Itacarambi,0.641
3132206,Itaguara,0.691
3132305,Itaipé,0.552
3132404,Itajubá,0.787
3132503,Itamarandiba,0.646
3132602,Itamarati de Minas,0.688
3132701,Itambacuri,0.634
3132800,Itambé do Mato Dentro,0.634
3132909,Itamogi,0.674
3133006,Itamonte,0.705
3133105,Itanhandu,0.739
3133204,Itanhomi,0.65
3133303,Itaobim,0.629
3133402,Itapagipe,0.723
3133501,Itapecerica,0.713
3133600,Itapeva,0.72
3133709,Itatiaiuçu,0.677
3133758,Itaú de Minas,0.776
3133808,Itaúna,0.758
3133907,Itaverava,0.627
3134004,Itinga,0.6
3134103,Itueta,0.635
3134202,Ituiutaba,0.739
3134301,Itumirim,0.726
3134400,Iturama,0.747
3134509,Itutinga,0.727
3134608,Jaboticatubas,0.681
3134707,Jacinto,0.62
3134806,Jacuí,0.668
3134905,Jacutinga,0.715
3135001,Jaguaraçu,0.679
3135050,Jaíba,0.638
3135076,Jampruca,0.609
3135100,Janaúba,0.696
3135209,Januária,0.658
3135308,Japaraíba,0.721
3135357,Japonvar,0.608
3135407,Jeceaba,0.661
3135456,Jenipapo de Minas,0.624
3135506,Jequeri,0.601
3135605,Jequitaí,0.643
3135704,Jequitibá,0.689
3135803,Jequitinhonha,0.615
3135902,Jesuânia,0.658
3136009,Joaíma,0.587
3136108,Joanésia,0.626
3136207,João Monlevade,0.758
3136306,João Pinheiro,0.697
3136405,Joaquim Felício,0.637
3136504,Jordânia,0.628
3136520,José Gonçalves de Minas,0.632
3136553,José Raydan,0.617
3136579,Josenópolis,0.564
3136603,Nova União,0.662
3136652,Juatuba,0.717
3136702,Juiz de Fora,0.778
3136801,Juramento,0.669
3136900,Juruaia,0.723
3136959,Juvenília,0.592
3137007,Ladainha,0.541
3137106,Lagamar,0.718
3137205,Lagoa da Prata,0.732
3137304,Lagoa dos Patos,0.634
3137403,Lagoa Dourada,0.676
3137502,Lagoa Formosa,0.703
3137536,Lagoa Grande,0.679
3137601,Lagoa Santa,0.777
3137700,Lajinha,0.661
3137809,Lambari,0.711
3137908,Lamim,0.655
3138005,Laranjal,0.714
3138104,Lassance,0.629
3138203,Lavras,0.782
3138302,Leandro Ferreira,0.71
3138351,Leme do Prado,0.67
3138401,Leopoldina,0.726
3138500,Liberdade,0.672
3138609,Lima Duarte,0.71
3138625,Limeira do Oeste,0.71
3138658,Lontra,0.646
3138674,Luisburgo,0.608
3138682,Luislândia,0.614
3138708,Luminárias,0.678
3138807,Luz,0.724
3138906,Machacalis,0.64
3139003,Machado,0.715
3139102,Madre de Deus de Minas,0.699
3139201,Malacacheta,0.618
3139250,Mamonas,0.618
3139300,Manga,0.642
3139409,Manhuaçu,0.689
3139508,Manhumirim,0.697
3139607,Mantena,0.675
3139706,Maravilhas,0.672
3139805,Mar de Espanha,0.684
3139904,Maria da Fé,0.702
3140001,Mariana,0.742
3140100,Marilac,0.615
3140159,Mário Campos,0.699
3140209,Maripá de Minas,0.68
3140308,Marliéria,0.657
3140407,Marmelópolis,0.65
3140506,Martinho Campos,0.669
3140530,Martins Soares,0.635
3140555,Mata Verde,0.581
3140605,Materlândia,0.597
3140704,Mateus Leme,0.704
3140803,Matias Barbosa,0.72
3140852,Matias Cardoso,0.616
3140902,Matipó,0.631
3141009,Mato Verde,0.662
3141108,Matozinhos,0.731
3141207,Matutina,0.707
3141306,Medeiros,0.711
3141405,Medina,0.624
3141504,Mendes Pimentel,0.626
3141603,Mercês,0.664
3141702,Mesquita,0.656
3141801,Minas Novas,0.633
3141900,Minduri,0.658
3142007,Mirabela,0.665
3142106,Miradouro,0.663
3142205,Miraí,0.68
3142254,Miravânia,0.593
3142304,Moeda,0.638
3142403,Moema,0.721
3142502,Monjolos,0.65
3142601,Monsenhor Paulo,0.721
3142700,Montalvânia,0.613
3142809,Monte Alegre de Minas,0.674
3142908,Monte Azul,0.659
3143005,Monte Belo,0.688
3143104,Monte Carmelo,0.728
3143153,Monte Formoso,0.541
3143203,Monte Santo de Minas,0.71
3143302,Montes Claros,0.77
3143401,Monte Sião,0.724
3143450,Montezuma,0.587
3143500,Morada Nova de Minas,0.696
3143609,Morro da Garça,0.648
3143708,Morro do Pilar,0.597
3143807,Munhoz,0.647
3143906,Muriaé,0.734
3144003,Mutum,0.644
3144102,Muzambinho,0.74
3144201,Nacip Raydan,0.585
3144300,Nanuque,0.701
3144359,Naque,0.675
3144375,Natalândia,0.671
3144409,Natércia,0.693
3144508,Nazareno,0.69
3144607,Nepomuceno,0.667
3144656,Ninheira,0.556
3144672,Nova Belém,0.592
3144706,Nova Era,0.709
3144805,Nova Lima,0.813
3144904,Nova Módica,0.63
3145000,Nova Ponte,0.701
3145059,Nova Porteirinha,0.641
3145109,Nova Resende,0.671
3145208,Nova Serrana,0.715
3145307,Novo Cruzeiro,0.571
3145356,Novo Oriente de Minas,0.555
3145372,Novorizonte,0.616
3145406,Olaria,0.636
3145455,Olhos-d'Água,0.626
3145505,Olímpio Noronha,0.674
3145604,Oliveira,0.699
3145703,Oliveira Fortes,0.635
3145802,Onça de Pitangui,0.663
3145851,Oratórios,0.637
3145877,Orizânia,0.562
3145901,Ouro Branco,0.764
3146008,Ouro Fino,0.722
3146107,Ouro Preto,0.741
3146206,Ouro Verde de Minas,0.595
3146255,Padre Carvalho,0.599
3146305,Padre Paraíso,0.596
3146404,Paineiras,0.669
3146503,Pains,0.728
3146552,Pai Pedro,0.59
3146602,Paiva,0.72
3146701,Palma,0.703
3146750,Palmópolis,0.565
3146909,Papagaios,0.666
3147006,Paracatu,0.744
3147105,Pará de Minas,0.725
3147204,Paraguaçu,0.715
3147303,Paraisópolis,0.729
3147402,Paraopeba,0.694
3147501,Passabém,0.642
3147600,Passa Quatro,0.715
3147709,Passa Tempo,0.687
3147808,Passa-Vinte,0.648
3147907,Passos,0.756
3147956,Patis,0.614
3148004,Patos de Minas,0.765
3148103,Patrocínio,0.729
3148202,Patrocínio do Muriaé,0.682
3148301,Paula Cândido,0.637
3148400,Paulistas,0.625
3148509,Pavão,0.627
3148608,Peçanha,0.627
3148707,Pedra Azul,0.627
3148756,Pedra Bonita,0.573
3148806,Pedra do Anta,0.624
3148905,Pedra do Indaiá,0.708
3149002,Pedra Dourada,0.655
3149101,Pedralva,0.675
3149150,Pedras de Maria da Cruz,0.614
3149200,Pedrinópolis,0.729
3149309,Pedro Leopoldo,0.757
3149408,Pedro Teixeira,0.637
3149507,Pequeri,0.694
3149606,Pequi,0.674
3149705,Perdigão,0.703
3149804,Perdizes,0.723
3149903,Perdões,0.744
3149952,Periquito,0.651
3150000,Pescador,0.656
3150109,Piau,0.629
3150158,Piedade de Caratinga,0.612
3150208,Piedade de Ponte Nova,0.639
3150307,Piedade do Rio Grande,0.678
3150406,Piedade dos Gerais,0.626
3150505,Pimenta,0.686
3150539,Pingo-d'Água,0.619
3150570,Pintópolis,0.594
3150604,Piracema,0.646
3150703,Pirajuba,0.723
3150802,Piranga,0.6
3150901,Piranguçu,0.685
3151008,Piranguinho,0.717
3151107,Pirapetinga,0.709
3151206,Pirapora,0.731
3151305,Piraúba,0.684
3151404,Pitangui,0.725
3151503,Piumhi,0.737
3151602,Planura,0.712
3151701,Poço Fundo,0.691
3151800,Poços de Caldas,0.779
3151909,Pocrane,0.626
3152006,Pompéu,0.689
3152105,Ponte Nova,0.717
3152131,Ponto Chique,0.606
3152170,Ponto dos Volantes,0.595
3152204,Porteirinha,0.651
3152303,Porto Firme,0.634
3152402,Poté,0.624
3152501,Pouso Alegre,0.774
3152600,Pouso Alto,0.71
3152709,Prados,0.689
3152808,Prata,0.695
3152907,Pratápolis,0.729
3153004,Pratinha,0.721
3153103,Presidente Bernardes,0.632
3153202,Presidente Juscelino,0.614
3153301,Presidente Kubitschek,0.595
3153400,Presidente Olegário,0.701
3153509,Alto Jequitibá,0.66
3153608,Prudente de Morais,0.69
3153707,Quartel Geral,0.683
3153806,Queluzito,0.682
3153905,Raposos,0.73
3154002,Raul Soares,0.655
3154101,Recreio,0.692
3154150,Reduto,0.629
3154200,Resende Costa,0.685
3154309,Resplendor,0.67
3154408,Ressaquinha,0.683
3154457,Riachinho,0.632
3154507,Riacho dos Machados,0.627
3154606,Ribeirão das Neves,0.684
3154705,Ribeirão Vermelho,0.737
3154804,Rio Acima,0.673
3154903,Rio Casca,0.65
3155009,Rio Doce,0.664
3155108,Rio do Prado,0.605
3155207,Rio Espera,0.602
3155306,Rio Manso,0.648
3155405,Rio Novo,0.707
3155504,Rio Paranaíba,0.709
3155603,Rio Pardo de Minas,0.624
3155702,Rio Piracicaba,0.685
3155801,Rio Pomba,0.714
3155900,Rio Preto,0.679
3156007,Rio Vermelho,0.558
3156106,Ritápolis,0.653
3156205,Rochedo de Minas,0.684
3156304,Rodeiro,0.668
3156403,Romaria,0.708
3156452,Rosário da Limeira,0.662
3156502,Rubelita,0.582
3156601,Rubim,0.609
3156700,Sabará,0.731
3156809,Sabinópolis,0.638
3156908,Sacramento,0.732
3157005,Salinas,0.679
3157104,Salto da Divisa,0.608
3157203,Santa Bárbara,0.707
3157252,Santa Bárbara do Leste,0.613
3157278,Santa Bárbara do Monte Verde,0.606
3157302,Santa Bárbara do Tugúrio,0.637
3157336,Santa Cruz de Minas,0.706
3157377,Santa Cruz de Salinas,0.577
3157401,Santa Cruz do Escalvado,0.625
3157500,Santa Efigênia de Minas,0.607
3157609,Santa Fé de Minas,0.615
3157658,Santa Helena de Minas,0.567
3157708,Santa Juliana,0.706
3157807,Santa Luzia,0.715
3157906,Santa Margarida,0.61
3158003,Santa Maria de Itabira,0.648
3158102,Santa Maria do Salto,0.613
3158201,Santa Maria do Suaçuí,0.64
3158300,Santana da Vargem,0.698
3158409,Santana de Cataguases,0.694
3158508,Santana de Pirapama,0.628
3158607,Santana do Deserto,0.651
3158706,Santana do Garambéu,0.667
3158805,Santana do Jacaré,0.647
3158904,Santana do Manhuaçu,0.621
3158953,Santana do Paraíso,0.685
3159001,Santana do Riacho,0.665
3159100,Santana dos Montes,0.647
3159209,Santa Rita de Caldas,0.69
3159308,Santa Rita de Jacutinga,0.682
3159357,Santa Rita de Minas,0.613
3159407,Santa Rita de Ibitipoca,0.63
3159506,Santa Rita do Itueto,0.607
3159605,Santa Rita do Sapucaí,0.721
3159704,Santa Rosa da Serra,0.705
3159803,Santa Vitória,0.71
3159902,Santo Antônio do Amparo,0.672
3160009,Santo Antônio do Aventureiro,0.671
3160108,Santo Antônio do Grama,0.633
3160207,Santo Antônio do Itambé,0.558
3160306,Santo Antônio do Jacinto,0.574
3160405,Santo Antônio do Monte,0.724
3160454,Santo Antônio do Retiro,0.57
3160504,Santo Antônio do Rio Abaixo,0.669
3160603,Santo Hipólito,0.657
3160702,Santos Dumont,0.741
3160801,São Bento Abade,0.672
3160900,São Brás do Suaçuí,0.664
3160959,São Domingos das Dores,0.638
3161007,São Domingos do Prata,0.69
3161056,São Félix de Minas,0.62
3161106,São Francisco,0.638
3161205,São Francisco de Paula,0.66
3161304,São Francisco de Sales,0.688
3161403,São Francisco do Glória,0.663
3161502,São Geraldo,0.651
3161601,São Geraldo da Piedade,0.6
3161650,São Geraldo do Baixio,0.63
3161700,São Gonçalo do Abaeté,0.67
3161809,São Gonçalo do Pará,0.689
3161908,São Gonçalo do Rio Abaixo,0.667
3162005,São Gonçalo do Sapucaí,0.715
3162104,São Gotardo,0.736
3162203,São João Batista do Glória,0.724
3162252,São João da Lagoa,0.634
3162302,São João da Mata,0.653
3162401,São João da Ponte,0.569
3162450,São João das Missões,0.529
3162500,São João del Rei,0.758
3162559,São João do Manhuaçu,0.65
3162575,São João do Manteninha,0.64
3162609,São João do Oriente,0.648
3162658,São João do Pacuí,0.625
3162708,São João do Paraíso,0.615
3162807,São João Evangelista,0.638
3162906,São João Nepomuceno,0.708
3162922,São Joaquim de Bicas,0.662
3162948,São José da Barra,0.739
3162955,São José da Lapa,0.729
3163003,São José da Safira,0.583
3163102,São José da Varginha,0.704
3163201,São José do Alegre,0.717
3163300,São José do Divino,0.658
3163409,São José do Goiabal,0.666
3163508,São José do Jacuri,0.566
3163607,São José do Mantimento,0.657
3163706,São Lourenço,0.759
3163805,São Miguel do Anta,0.644
3163904,São Pedro da União,0.674
3164001,São Pedro dos Ferros,0.659
3164100,São Pedro do Suaçuí,0.622
3164209,São Romão,0.64
3164308,São Roque de Minas,0.672
3164407,São Sebastião da Bela Vista,0.692
3164431,São Sebastião da Vargem Alegre,0.66
3164472,São Sebastião do Anta,0.607
3164506,São Sebastião do Maranhão,0.581
3164605,São Sebastião do Oeste,0.626
3164704,São Sebastião do Paraíso,0.722
3164803,São Sebastião do Rio Preto,0.632
3164902,São Sebastião do Rio Verde,0.676
3165008,São Tiago,0.662
3165107,São Tomás de Aquino,0.7
3165206,São Thomé das Letras,0.667
3165305,São Vicente de Minas,0.715
3165404,Sapucaí-Mirim,0.68
3165503,Sardoá,0.636
3165537,Sarzedo,0.734
3165552,Setubinha,0.542
3165560,Sem-Peixe,0.654
3165578,Senador Amaral,0.661
3165602,Senador Cortes,0.674
3165701,Senador Firmino,0.644
3165800,Senador José Bento,0.684
3165909,Senador Modestino Gonçalves,0.62
3166006,Senhora de Oliveira,0.631
3166105,Senhora do Porto,0.565
3166204,Senhora dos Remédios,0.626
3166303,Sericita,0.56
3166402,Seritinga,0.66
3166501,Serra Azul de Minas,0.557
3166600,Serra da Saudade,0.677
3166709,Serra dos Aimorés,0.651
3166808,Serra do Salitre,0.696
3166907,Serrania,0.677
3166956,Serranópolis de Minas,0.633
3167004,Serranos,0.643
3167103,Serro,0.656
3167202,Sete Lagoas,0.76
3167301,Silveirânia,0.652
3167400,Silvianópolis,0.699
3167509,Simão Pereira,0.638
3167608,Simonésia,0.632
3167707,Sobrália,0.631
3167806,Soledade de Minas,0.697
3167905,Tabuleiro,0.681
3168002,Taiobeiras,0.67
3168051,Taparuba,0.645
3168101,Tapira,0.712
3168200,Tapiraí,0.667
3168309,Taquaraçu de Minas,0.651
3168408,Tarumirim,0.633
3168507,Teixeiras,0.675
3168606,Teófilo Otoni,0.701
3168705,Timóteo,0.77
3168804,Tiradentes,0.74
3168903,Tiros,0.683
3169000,Tocantins,0.688
3169059,Tocos do Moji,0.696
3169109,Toledo,0.661
3169208,Tombos,0.718
3169307,Três Corações,0.744
3169356,Três Marias,0.752
3169406,Três Pontas,0.731
3169505,Tumiritinga,0.626
3169604,Tupaciguara,0.719
3169703,Turmalina,0.682
3169802,Turvolândia,0.696
3169901,Ubá,0.724
3170008,Ubaí,0.609
3170057,Ubaporanga,0.614
3170107,Uberaba,0.772
3170206,Uberlândia,0.789
3170305,Umburatiba,0.638
3170404,Unaí,0.736
3170438,União de Minas,0.672
3170479,Uruana de Minas,0.664
3170503,Urucânia,0.633
3170529,Urucuia,0.619
3170578,Vargem Alegre,0.631
3170602,Vargem Bonita,0.696
3170651,Vargem Grande do Rio Pardo,0.634
3170701,Varginha,0.778
3170750,Varjão de Minas,0.711
3170800,Várzea da Palma,0.666
3170909,Varzelândia,0.594
3171006,Vazante,0.742
3171030,Verdelândia,0.584
3171071,Veredinha,0.632
3171105,Veríssimo,0.667
3171154,Vermelho Novo,0.612
3171204,Vespasiano,0.688
3171303,Viçosa,0.775
3171402,Vieiras,0.668
3171501,Mathias Lobato,0.612
3171600,Virgem da Lapa,0.61
3171709,Virgínia,0.651
3171808,Virginópolis,0.675
3171907,Virgolândia,0.62
3172004,Visconde do Rio Branco,0.709
3172103,Volta Grande,0.669
3172202,Wenceslau Braz,0.678
3200102,AFONSO CLÁUDIO,0.667
3200136,ÁGUIA BRANCA,0.678
3200169,ÁGUA DOCE DO NORTE,0.652
3200201,ALEGRE,0.721
3200300,ALFREDO CHAVES,0.71
3200359,ALTO RIO NOVO,0.664
3200409,ANCHIETA,0.73
3200508,APIACÁ,0.673
3200607,ARACRUZ,0.752
3200706,ATILIO VIVACQUA,0.708
3200805,BAIXO GUANDU,0.702
3200904,BARRA DE SÃO FRANCISCO,0.683
3201001,BOA ESPERANÇA,0.679
3201100,BOM JESUS DO NORTE,0.734
3201159,BREJETUBA,0.656
3201209,CACHOEIRO DE ITAPEMIRIM,0.746
3201308,CARIACICA,0.718
3201407,CASTELO,0.726
3201506,COLATINA,0.746
3201605,CONCEIÇÃO DA BARRA,0.681
3201704,CONCEIÇÃO DO CASTELO,0.67
3201803,DIVINO DE SÃO LOURENÇO,0.632
3201902,DOMINGOS MARTINS,0.669
3202009,DORES DO RIO PRETO,0.654
3202108,ECOPORANGA,0.662
3202207,FUNDÃO,0.718
3202256,GOVERNADOR LINDENBERG,0.694
3202306,GUAÇUÍ,0.703
3202405,GUARAPARI,0.731
3202454,IBATIBA,0.647
3202504,IBIRAÇU,0.726
3202553,IBITIRAMA,0.622
3202603,ICONHA,0.729
3202652,IRUPI,0.637
3202702,ITAGUAÇU,0.702
3202801,ITAPEMIRIM,0.654
3202900,ITARANA,0.684
3203007,IÚNA,0.666
3203056,JAGUARÉ,0.678
3203106,JERÔNIMO MONTEIRO,0.698
3203130,JOÃO NEIVA,0.753
3203163,LARANJA DA TERRA,0.656
3203205,LINHARES,0.724
3203304,MANTENÓPOLIS,0.657
3203320,MARATAÍZES,0.696
3203346,MARECHAL FLORIANO,0.71
3203353,MARILÂNDIA,0.696
3203403,MIMOSO DO SUL,0.67
3203502,MONTANHA,0.667
3203601,MUCURICI,0.666
3203700,MUNIZ FREIRE,0.645
3203809,MUQUI,0.694
3203908,NOVA VENÉCIA,0.712
3204005,PANCAS,0.667
3204054,PEDRO CANÁRIO,0.654
3204104,PINHEIROS,0.673
3204203,PIÚMA,0.727
3204252,PONTO BELO,0.669
3204302,PRESIDENTE KENNEDY,0.657
3204351,RIO BANANAL,0.681
3204401,RIO NOVO DO SUL,0.711
3204500,SANTA LEOPOLDINA,0.626
3204559,SANTA MARIA DE JETIBÁ,0.671
3204609,SANTA TERESA,0.714
3204658,SÃO DOMINGOS DO NORTE,0.682
3204708,SÃO GABRIEL DA PALHA,0.709
3204807,SÃO JOSÉ DO CALÇADO,0.688
3204906,SÃO MATEUS,0.735
3204955,SÃO ROQUE DO CANAÃ,0.7
3205002,SERRA,0.739
3205010,SOORETAMA,0.662
3205036,VARGEM ALTA,0.663
3205069,VENDA NOVA DO IMIGRANTE,0.728
3205101,VIANA,0.686
3205150,VILA PAVÃO,0.681
3205176,VILA VALÉRIO,0.675
3205200,VILA VELHA,0.8
3205309,VITÓRIA,0.845
3300100,ANGRA DOS REIS,0.724
3300159,APERIBÉ,0.692
3300209,ARARUAMA,0.718
3300225,AREAL,0.684
3300233,ARMAÇÃO DOS BÚZIOS,0.728
3300258,ARRAIAL DO CABO,0.733
3300308,BARRA DO PIRAÍ,0.733
3300407,BARRA MANSA,0.729
3300456,BELFORD ROXO,0.684
3300506,BOM JARDIM,0.66
3300605,BOM JESUS DO ITABAPOANA,0.732
3300704,CABO FRIO,0.735
3300803,CACHOEIRAS DE MACACU,0.7
3300902,CAMBUCI,0.691
3300936,CARAPEBUS,0.713
3300951,COMENDADOR LEVY GASPARIAN,0.685
3301009,CAMPOS DOS GOYTACAZES,0.716
3301108,CANTAGALO,0.709
3301157,CARDOSO MOREIRA,0.648
3301207,CARMO,0.696
3301306,CASIMIRO DE ABREU,0.726
3301405,CONCEIÇÃO DE MACABU,0.712
3301504,CORDEIRO,0.729
3301603,DUAS BARRAS,0.659
3301702,DUQUE DE CAXIAS,0.711
3301801,ENGENHEIRO PAULO DE FRONTIN,0.722
3301850,GUAPIMIRIM,0.698
3301876,IGUABA GRANDE,0.761
3301900,ITABORAÍ,0.693
3302007,ITAGUAÍ,0.715
3302056,ITALVA,0.688
3302106,ITAOCARA,0.713
3302205,ITAPERUNA,0.73
3302254,ITATIAIA,0.737
3302270,JAPERI,0.659
3302304,LAJE DO MURIAÉ,0.668
3302403,MACAÉ,0.764
3302452,MACUCO,0.703
3302502,MAGÉ,0.709
3302601,MANGARATIBA,0.753
3302700,MARICÁ,0.765
3302809,MENDES,0.736
3302858,MESQUITA,0.737
3302908,MIGUEL PEREIRA,0.745
3303005,MIRACEMA,0.713
3303104,NATIVIDADE,0.73
3303203,NILÓPOLIS,0.753
3303302,NITERÓI,0.837
3303401,NOVA FRIBURGO,0.745
3303500,NOVA IGUAÇU,0.713
3303609,PARACAMBI,0.72
3303708,PARAÍBA DO SUL,0.702
3303807,PARATY,0.693
3303856,PATY DO ALFERES,0.671
3303906,PETRÓPOLIS,0.745
3303955,PINHEIRAL,0.715
3304003,PIRAÍ,0.708
3304102,PORCIÚNCULA,0.697
3304110,PORTO REAL,0.713
3304128,QUATIS,0.69
3304144,QUEIMADOS,0.68
3304151,QUISSAMÃ,0.704
3304201,RESENDE,0.768
3304300,RIO BONITO,0.71
3304409,RIO CLARO,0.683
3304508,RIO DAS FLORES,0.68
3304524,RIO DAS OSTRAS,0.773
3304557,RIO DE JANEIRO,0.799
3304607,SANTA MARIA MADALENA,0.668
3304706,SANTO ANTÔNIO DE PÁDUA,0.718
3304755,SÃO FRANCISCO DE ITABAPOANA,0.639
3304805,SÃO FIDÉLIS,0.691
3304904,SÃO GONÇALO,0.739
3305000,SÃO JOÃO DA BARRA,0.671
3305109,SÃO JOÃO DE MERITI,0.719
3305133,SÃO JOSÉ DE UBÁ,0.652
3305158,SÃO JOSÉ DO VALE DO RIO PRETO,0.66
3305208,SÃO PEDRO DA ALDEIA,0.712
3305307,SÃO SEBASTIÃO DO ALTO,0.646
3305406,SAPUCAIA,0.675
3305505,SAQUAREMA,0.709
3305554,SEROPÉDICA,0.713
3305604,SILVA JARDIM,0.654
3305703,SUMIDOURO,0.611
3305752,TANGUÁ,0.654
3305802,TERESÓPOLIS,0.73
3305901,TRAJANO DE MORAES,0.667
3306008,TRÊS RIOS,0.725
3306107,VALENÇA,0.738
3306156,VARRE-SAI,0.659
3306206,VASSOURAS,0.714
3306305,VOLTA REDONDA,0.771
3500105,ADAMANTINA,0.79
3500204,ADOLFO,0.73
3500303,AGUAÍ,0.715
3500402,ÁGUAS DA PRATA,0.781
3500501,ÁGUAS DE LINDÓIA,0.745
3500550,ÁGUAS DE SANTA BÁRBARA,0.757
3500600,ÁGUAS DE SÃO PEDRO,0.854
3500709,AGUDOS,0.745
3500758,ALAMBARI,0.712
3500808,ALFREDO MARCONDES,0.741
3500907,ALTAIR,0.687
3501004,ALTINÓPOLIS,0.73
3501103,ALTO ALEGRE,0.7
3501152,ALUMÍNIO,0.766
3501202,ÁLVARES FLORENCE,0.728
3501301,ÁLVARES MACHADO,0.758
3501400,ÁLVARO DE CARVALHO,0.688
3501509,ALVINLÂNDIA,0.722
3501608,AMERICANA,0.811
3501707,AMÉRICO BRASILIENSE,0.751
3501806,AMÉRICO DE CAMPOS,0.745
3501905,AMPARO,0.785
3502002,ANALÂNDIA,0.754
3502101,ANDRADINA,0.779
3502200,ANGATUBA,0.719
3502309,ANHEMBI,0.721
3502408,ANHUMAS,0.741
3502507,APARECIDA,0.755
3502606,APARECIDA D'OESTE,0.721
3502705,APIAÍ,0.71
3502754,ARAÇARIGUAMA,0.704
3502804,ARAÇATUBA,0.788
3502903,ARAÇOIABA DA SERRA,0.776
3503000,ARAMINA,0.74
3503109,ARANDU,0.685
3503158,ARAPEÍ,0.68
3503208,ARARAQUARA,0.815
3503307,ARARAS,0.781
3503356,ARCO-ÍRIS,0.722
3503406,AREALVA,0.744
3503505,AREIAS,0.697
3503604,AREIÓPOLIS,0.695
3503703,ARIRANHA,0.733
3503802,ARTUR NOGUEIRA,0.749
3503901,ARUJÁ,0.784
3503950,ASPÁSIA,0.735
3504008,ASSIS,0.805
3504107,ATIBAIA,0.765
3504206,AURIFLAMA,0.773
3504305,AVAÍ,0.714
3504404,AVANHANDAVA,0.705
3504503,AVARÉ,0.767
3504602,BADY BASSITT,0.746
3504701,BALBINOS,0.669
3504800,BÁLSAMO,0.756
3504909,BANANAL,0.733
3505005,BARÃO DE ANTONINA,0.711
3505104,BARBOSA,0.699
3505203,BARIRI,0.75
3505302,BARRA BONITA,0.788
3505351,BARRA DO CHAPÉU,0.66
3505401,BARRA DO TURVO,0.641
3505500,BARRETOS,0.789
3505609,BARRINHA,0.725
3505708,BARUERI,0.786
3505807,BASTOS,0.751
3505906,BATATAIS,0.761
3506003,BAURU,0.801
3506102,BEBEDOURO,0.78
3506201,BENTO DE ABREU,0.744
3506300,BERNARDINO DE CAMPOS,0.734
3506359,BERTIOGA,0.73
3506409,BILAC,0.768
3506508,BIRIGUI,0.78
3506607,BIRITIBA-MIRIM,0.712
3506706,BOA ESPERANÇA DO SUL,0.681
3506805,BOCAINA,0.742
3506904,BOFETE,0.705
3507001,BOITUVA,0.78
3507100,BOM JESUS DOS PERDÕES,0.713
3507159,BOM SUCESSO DE ITARARÉ,0.66
3507209,BORÁ,0.746
3507308,BORACÉIA,0.754
3507407,BORBOREMA,0.73
3507456,BOREBI,0.705
3507506,BOTUCATU,0.8
3507605,BRAGANÇA PAULISTA,0.776
3507704,BRAÚNA,0.737
3507753,BREJO ALEGRE,0.71
3507803,BRODOWSKI,0.755
3507902,BROTAS,0.74
3508009,BURI,0.667
3508108,BURITAMA,0.763
3508207,BURITIZAL,0.735
3508306,CABRÁLIA PAULISTA,0.694
3508405,CABREÚVA,0.738
3508504,CAÇAPAVA,0.788
3508603,CACHOEIRA PAULISTA,0.764
3508702,CACONDE,0.72
3508801,CAFELÂNDIA,0.742
3508900,CAIABU,0.729
3509007,CAIEIRAS,0.781
3509106,CAIUÁ,0.697
3509205,CAJAMAR,0.728
3509254,CAJATI,0.694
3509304,CAJOBI,0.734
3509403,CAJURU,0.713
3509452,CAMPINA DO MONTE ALEGRE,0.717
3509502,CAMPINAS,0.805
3509601,CAMPO LIMPO PAULISTA,0.769
3509700,CAMPOS DO JORDÃO,0.749
3509809,CAMPOS NOVOS PAULISTA,0.706
3509908,CANANÉIA,0.72
3509957,CANAS,0.704
3510005,CÂNDIDO MOTA,0.747
3510104,CÂNDIDO RODRIGUES,0.789
3510153,CANITAR,0.68
3510203,CAPÃO BONITO,0.721
3510302,CAPELA DO ALTO,0.699
3510401,CAPIVARI,0.75
3510500,CARAGUATATUBA,0.759
3510609,CARAPICUÍBA,0.749
3510708,CARDOSO,0.722
3510807,CASA BRANCA,0.73
3510906,CÁSSIA DOS COQUEIROS,0.734
3511003,CASTILHO,0.731
3511102,CATANDUVA,0.785
3511201,CATIGUÁ,0.751
3511300,CEDRAL,0.766
3511409,CERQUEIRA CÉSAR,0.729
3511508,CERQUILHO,0.782
3511607,CESÁRIO LANGE,0.706
3511706,CHARQUEADA,0.736
3511904,CLEMENTINA,0.725
3512001,COLINA,0.757
3512100,COLÔMBIA,0.71
3512209,CONCHAL,0.708
3512308,CONCHAS,0.736
3512407,CORDEIRÓPOLIS,0.758
3512506,COROADOS,0.719
3512605,CORONEL MACEDO,0.69
3512704,CORUMBATAÍ,0.754
3512803,COSMÓPOLIS,0.769
3512902,COSMORAMA,0.722
3513009,COTIA,0.78
3513108,CRAVINHOS,0.756
3513207,CRISTAIS PAULISTA,0.734
3513306,CRUZÁLIA,0.774
3513405,CRUZEIRO,0.788
3513504,CUBATÃO,0.737
3513603,CUNHA,0.684
3513702,DESCALVADO,0.76
3513801,DIADEMA,0.757
3513850,DIRCE REIS,0.741
3513900,DIVINOLÂNDIA,0.734
3514007,DOBRADA,0.718
3514106,DOIS CÓRREGOS,0.725
3514205,DOLCINÓPOLIS,0.742
3514304,DOURADO,0.738
3514403,DRACENA,0.776
3514502,DUARTINA,0.748
3514601,DUMONT,0.744
3514700,ECHAPORÃ,0.745
3514809,ELDORADO,0.691
3514908,ELIAS FAUSTO,0.695
3514924,ELISIÁRIO,0.747
3514957,EMBAÚBA,0.73
3515004,EMBU,0.735
3515103,EMBU-GUAÇU,0.749
3515129,EMILIANÓPOLIS,0.727
3515152,ENGENHEIRO COELHO,0.732
3515186,ESPÍRITO SANTO DO PINHAL,0.787
3515194,ESPÍRITO SANTO DO TURVO,0.696
3515202,ESTRELA D'OESTE,0.76
3515301,ESTRELA DO NORTE,0.74
3515350,EUCLIDES DA CUNHA PAULISTA,0.704
3515400,FARTURA,0.732
3515509,FERNANDÓPOLIS,0.797
3515608,FERNANDO PRESTES,0.758
3515657,FERNÃO,0.703
3515707,FERRAZ DE VASCONCELOS,0.738
3515806,FLORA RICA,0.727
3515905,FLOREAL,0.747
3516002,FLÓRIDA PAULISTA,0.715
3516101,FLORÍNIA,0.713
3516200,FRANCA,0.78
3516309,FRANCISCO MORATO,0.703
3516408,FRANCO DA ROCHA,0.731
3516507,GABRIEL MONTEIRO,0.763
3516606,GÁLIA,0.709
3516705,GARÇA,0.769
3516804,GASTÃO VIDIGAL,0.723
3516853,GAVIÃO PEIXOTO,0.719
3516903,GENERAL SALGADO,0.747
3517000,GETULINA,0.717
3517109,GLICÉRIO,0.735
3517208,GUAIÇARA,0.739
3517307,GUAIMBÊ,0.728
3517406,GUAÍRA,0.753
3517505,GUAPIAÇU,0.725
3517604,GUAPIARA,0.675
3517703,GUARÁ,0.718
3517802,GUARAÇAÍ,0.719
3517901,GUARACI,0.737
3518008,GUARANI D'OESTE,0.732
3518107,GUARANTÃ,0.713
3518206,GUARARAPES,0.763
3518305,GUARAREMA,0.731
3518404,GUARATINGUETÁ,0.798
3518503,GUAREÍ,0.687
3518602,GUARIBA,0.719
3518701,GUARUJÁ,0.751
3518800,GUARULHOS,0.763
3518859,GUATAPARÁ,0.743
3518909,GUZOLÂNDIA,0.697
3519006,HERCULÂNDIA,0.727
3519055,HOLAMBRA,0.793
3519071,HORTOLÂNDIA,0.756
3519105,IACANGA,0.745
3519204,IACRI,0.733
3519253,IARAS,0.674
3519303,IBATÉ,0.703
3519402,IBIRÁ,0.74
3519501,IBIRAREMA,0.708
3519600,IBITINGA,0.747
3519709,IBIÚNA,0.71
3519808,ICÉM,0.72
3519907,IEPÊ,0.736
3520004,IGARAÇU DO TIETÊ,0.727
3520103,IGARAPAVA,0.768
3520202,IGARATÁ,0.711
3520301,IGUAPE,0.726
3520400,ILHABELA,0.756
3520426,ILHA COMPRIDA,0.725
3520442,ILHA SOLTEIRA,0.812
3520509,INDAIATUBA,0.788
3520608,INDIANA,0.761
3520707,INDIAPORÃ,0.751
3520806,INÚBIA PAULISTA,0.759
3520905,IPAUSSU,0.727
3521002,IPERÓ,0.719
3521101,IPEÚNA,0.753
3521150,IPIGUÁ,0.73
3521200,IPORANGA,0.703
3521309,IPUÃ,0.749
3521408,IRACEMÁPOLIS,0.776
3521507,IRAPUÃ,0.713
3521606,IRAPURU,0.712
3521705,ITABERÁ,0.693
3521804,ITAÍ,0.713
3521903,ITAJOBI,0.73
3522000,ITAJU,0.705
3522109,ITANHAÉM,0.745
3522158,ITAÓCA,0.68
3522208,ITAPECERICA DA SERRA,0.742
3522307,ITAPETININGA,0.763
3522406,ITAPEVA,0.732
3522505,ITAPEVI,0.735
3522604,ITAPIRA,0.762
3522653,ITAPIRAPUÃ PAULISTA,0.661
3522703,ITÁPOLIS,0.744
3522802,ITAPORANGA,0.719
3522901,ITAPUÍ,0.725
3523008,ITAPURA,0.72
3523107,ITAQUAQUECETUBA,0.714
3523206,ITARARÉ,0.703
3523305,ITARIRI,0.677
3523404,ITATIBA,0.778
3523503,ITATINGA,0.706
3523602,ITIRAPINA,0.724
3523701,ITIRAPUÃ,0.707
3523800,ITOBI,0.717
3523909,ITU,0.773
3524006,ITUPEVA,0.762
3524105,ITUVERAVA,0.765
3524204,JABORANDI,0.711
3524303,JABOTICABAL,0.778
3524402,JACAREÍ,0.777
3524501,JACI,0.723
3524600,JACUPIRANGA,0.717
3524709,JAGUARIÚNA,0.784
3524808,JALES,0.776
3524907,JAMBEIRO,0.756
3525003,JANDIRA,0.76
3525102,JARDINÓPOLIS,0.735
3525201,JARINU,0.733
3525300,JAÚ,0.778
3525409,JERIQUARA,0.703
3525508,JOANÓPOLIS,0.699
3525607,JOÃO RAMALHO,0.741
3525706,JOSÉ BONIFÁCIO,0.777
3525805,JÚLIO MESQUITA,0.716
3525854,JUMIRIM,0.741
3525904,JUNDIAÍ,0.822
3526001,JUNQUEIRÓPOLIS,0.745
3526100,JUQUIÁ,0.7
3526209,JUQUITIBA,0.709
3526308,LAGOINHA,0.693
3526407,LARANJAL PAULISTA,0.729
3526506,LAVÍNIA,0.721
3526605,LAVRINHAS,0.729
3526704,LEME,0.744
3526803,LENÇÓIS PAULISTA,0.764
3526902,LIMEIRA,0.775
3527009,LINDÓIA,0.742
3527108,LINS,0.786
3527207,LORENA,0.766
3527256,LOURDES,0.742
3527306,LOUVEIRA,0.777
3527405,LUCÉLIA,0.752
3527504,LUCIANÓPOLIS,0.733
3527603,LUÍS ANTÔNIO,0.731
3527702,LUIZIÂNIA,0.702
3527801,LUPÉRCIO,0.724
3527900,LUTÉCIA,0.72
3528007,MACATUBA,0.77
3528106,MACAUBAL,0.743
3528205,MACEDÔNIA,0.74
3528304,MAGDA,0.753
3528403,MAIRINQUE,0.743
3528502,MAIRIPORÃ,0.788
3528601,MANDURI,0.739
3528700,MARABÁ PAULISTA,0.677
3528809,MARACAÍ,0.771
3528858,MARAPOAMA,0.752
3528908,MARIÁPOLIS,0.718
3529005,MARÍLIA,0.798
3529104,MARINÓPOLIS,0.731
3529203,MARTINÓPOLIS,0.721
3529302,MATÃO,0.773
3529401,MAUÁ,0.766
3529500,MENDONÇA,0.744
3529609,MERIDIANO,0.731
3529658,MESÓPOLIS,0.724
3529708,MIGUELÓPOLIS,0.741
3529807,MINEIROS DO TIETÊ,0.73
3529906,MIRACATU,0.697
3530003,MIRA ESTRELA,0.743
3530102,MIRANDÓPOLIS,0.751
3530201,MIRANTE DO PARANAPANEMA,0.724
3530300,MIRASSOL,0.762
3530409,MIRASSOLÂNDIA,0.738
3530508,MOCOCA,0.762
3530607,MOGI DAS CRUZES,0.783
3530706,MOGI GUAÇU,0.774
3530805,MOJI MIRIM,0.784
3530904,MOMBUCA,0.719
3531001,MONÇÕES,0.772
3531100,MONGAGUÁ,0.754
3531209,MONTE ALEGRE DO SUL,0.759
3531308,MONTE ALTO,0.768
3531407,MONTE APRAZÍVEL,0.785
3531506,MONTE AZUL PAULISTA,0.753
3531605,MONTE CASTELO,0.741
3531704,MONTEIRO LOBATO,0.71
3531803,MONTE MOR,0.733
3531902,MORRO AGUDO,0.712
3532009,MORUNGABA,0.715
3532058,MOTUCA,0.741
3532108,MURUTINGA DO SUL,0.726
3532157,NANTES,0.714
3532207,NARANDIBA,0.718
3532306,NATIVIDADE DA SERRA,0.655
3532405,NAZARÉ PAULISTA,0.678
3532504,NEVES PAULISTA,0.754
3532603,NHANDEARA,0.751
3532702,NIPOÃ,0.713
3532801,NOVA ALIANÇA,0.738
3532827,NOVA CAMPINA,0.651
3532843,NOVA CANAÃ PAULISTA,0.715
3532868,NOVA CASTILHO,0.756
3532900,NOVA EUROPA,0.765
3533007,NOVA GRANADA,0.739
3533106,NOVA GUATAPORANGA,0.726
3533205,NOVA INDEPENDÊNCIA,0.735
3533254,NOVAIS,0.719
3533304,NOVA LUZITÂNIA,0.743
3533403,NOVA ODESSA,0.791
3533502,NOVO HORIZONTE,0.753
3533601,NUPORANGA,0.746
3533700,OCAUÇU,0.717
3533809,ÓLEO,0.73
3533908,OLÍMPIA,0.773
3534005,ONDA VERDE,0.738
3534104,ORIENTE,0.77
3534203,ORINDIÚVA,0.767
3534302,ORLÂNDIA,0.78
3534401,OSASCO,0.776
3534500,OSCAR BRESSANE,0.749
3534609,OSVALDO CRUZ,0.762
3534708,OURINHOS,0.778
3534757,OUROESTE,0.77
3534807,OURO VERDE,0.692
3534906,PACAEMBU,0.725
3535002,PALESTINA,0.732
3535101,PALMARES PAULISTA,0.722
3535200,PALMEIRA D'OESTE,0.753
3535309,PALMITAL,0.746
3535408,PANORAMA,0.722
3535507,PARAGUAÇU PAULISTA,0.762
3535606,PARAIBUNA,0.719
3535705,PARAÍSO,0.749
3535804,PARANAPANEMA,0.717
3535903,PARANAPUÃ,0.732
3536000,PARAPUÃ,0.737
3536109,PARDINHO,0.727
3536208,PARIQUERA-AÇU,0.736
3536257,PARISI,0.721
3536307,PATROCÍNIO PAULISTA,0.73
3536406,PAULICÉIA,0.711
3536505,PAULÍNIA,0.795
3536570,PAULISTÂNIA,0.718
3536604,PAULO DE FARIA,0.725
3536703,PEDERNEIRAS,0.739
3536802,PEDRA BELA,0.677
3536901,PEDRANÓPOLIS,0.742
3537008,PEDREGULHO,0.715
3537107,PEDREIRA,0.769
3537156,PEDRINHAS PAULISTA,0.774
3537206,PEDRO DE TOLEDO,0.696
3537305,PENÁPOLIS,0.759
3537404,PEREIRA BARRETO,0.766
3537503,PEREIRAS,0.736
3537602,PERUÍBE,0.749
3537701,PIACATU,0.732
3537800,PIEDADE,0.716
3537909,PILAR DO SUL,0.69
3538006,PINDAMONHANGABA,0.773
3538105,PINDORAMA,0.737
3538204,PINHALZINHO,0.725
3538303,PIQUEROBI,0.711
3538501,PIQUETE,0.757
3538600,PIRACAIA,0.739
3538709,PIRACICABA,0.785
3538808,PIRAJU,0.758
3538907,PIRAJUÍ,0.749
3539004,PIRANGI,0.756
3539103,PIRAPORA DO BOM JESUS,0.727
3539202,PIRAPOZINHO,0.776
3539301,PIRASSUNUNGA,0.801
3539400,PIRATININGA,0.779
3539509,PITANGUEIRAS,0.723
3539608,PLANALTO,0.719
3539707,PLATINA,0.719
3539806,POÁ,0.771
3539905,POLONI,0.766
3540002,POMPÉIA,0.786
3540101,PONGAÍ,0.755
3540200,PONTAL,0.725
3540259,PONTALINDA,0.702
3540309,PONTES GESTAL,0.732
3540408,POPULINA,0.714
3540507,PORANGABA,0.703
3540606,PORTO FELIZ,0.758
3540705,PORTO FERREIRA,0.751
3540754,POTIM,0.697
3540804,POTIRENDABA,0.747
3540853,PRACINHA,0.696
3540903,PRADÓPOLIS,0.733
3541000,PRAIA GRANDE,0.754
3541059,PRATÂNIA,0.701
3541109,PRESIDENTE ALVES,0.735
3541208,PRESIDENTE BERNARDES,0.757
3541307,PRESIDENTE EPITÁCIO,0.75
3541406,PRESIDENTE PRUDENTE,0.806
3541505,PRESIDENTE VENCESLAU,0.763
3541604,PROMISSÃO,0.743
3541653,QUADRA,0.678
3541703,QUATÁ,0.738
3541802,QUEIROZ,0.715
3541901,QUELUZ,0.722
3542008,QUINTANA,0.732
3542107,RAFARD,0.745
3542206,RANCHARIA,0.751
3542305,REDENÇÃO DA SERRA,0.657
3542404,REGENTE FEIJÓ,0.768
3542503,REGINÓPOLIS,0.728
3542602,REGISTRO,0.754
3542701,RESTINGA,0.705
3542800,RIBEIRA,0.698
3542909,RIBEIRÃO BONITO,0.712
3543006,RIBEIRÃO BRANCO,0.639
3543105,RIBEIRÃO CORRENTE,0.711
3543204,RIBEIRÃO DO SUL,0.747
3543238,RIBEIRÃO DOS ÍNDIOS,0.721
3543253,RIBEIRÃO GRANDE,0.705
3543303,RIBEIRÃO PIRES,0.784
3543402,RIBEIRÃO PRETO,0.8
3543501,RIVERSUL,0.664
3543600,RIFAINA,0.74
3543709,RINCÃO,0.734
3543808,RINÓPOLIS,0.723
3543907,RIO CLARO,0.803
3544004,RIO DAS PEDRAS,0.759
3544103,RIO GRANDE DA SERRA,0.749
3544202,RIOLÂNDIA,0.703
3544251,ROSANA,0.764
3544301,ROSEIRA,0.737
3544400,RUBIÁCEA,0.721
3544509,RUBINÉIA,0.759
3544608,SABINO,0.728
3544707,SAGRES,0.73
3544806,SALES,0.751
3544905,SALES OLIVEIRA,0.772
3545001,SALESÓPOLIS,0.732
3545100,SALMOURÃO,0.719
3545159,SALTINHO,0.791
3545209,SALTO,0.78
3545308,SALTO DE PIRAPORA,0.729
3545407,SALTO GRANDE,0.704
3545506,SANDOVALINA,0.709
3545605,SANTA ADÉLIA,0.76
3545704,SANTA ALBERTINA,0.728
3545803,SANTA BÁRBARA D'OESTE,0.781
3546009,SANTA BRANCA,0.735
3546108,SANTA CLARA D'OESTE,0.733
3546207,SANTA CRUZ DA CONCEIÇÃO,0.79
3546256,SANTA CRUZ DA ESPERANÇA,0.743
3546306,SANTA CRUZ DAS PALMEIRAS,0.728
3546405,SANTA CRUZ DO RIO PARDO,0.762
3546504,SANTA ERNESTINA,0.738
3546603,SANTA FÉ DO SUL,0.784
3546702,SANTA GERTRUDES,0.737
3546801,SANTA ISABEL,0.738
3546900,SANTA LÚCIA,0.737
3547007,SANTA MARIA DA SERRA,0.686
3547106,SANTA MERCEDES,0.739
3547205,SANTANA DA PONTE PENSA,0.773
3547304,SANTANA DE PARNAÍBA,0.814
3547403,SANTA RITA D'OESTE,0.761
3547502,SANTA RITA DO PASSA QUATRO,0.775
3547601,SANTA ROSA DE VITERBO,0.77
3547650,SANTA SALETE,0.772
3547700,SANTO ANASTÁCIO,0.753
3547809,SANTO ANDRÉ,0.815
3547908,SANTO ANTÔNIO DA ALEGRIA,0.702
3548005,SANTO ANTÔNIO DE POSSE,0.702
3548054,SANTO ANTÔNIO DO ARACANGUÁ,0.757
3548104,SANTO ANTÔNIO DO JARDIM,0.714
3548203,SANTO ANTÔNIO DO PINHAL,0.706
3548302,SANTO EXPEDITO,0.732
3548401,SANTÓPOLIS DO AGUAPEÍ,0.74
3548500,SANTOS,0.84
3548609,SÃO BENTO DO SAPUCAÍ,0.72
3548708,SÃO BERNARDO DO CAMPO,0.805
3548807,SÃO CAETANO DO SUL,0.862
3548906,SÃO CARLOS,0.805
3549003,SÃO FRANCISCO,0.723
3549102,SÃO JOÃO DA BOA VISTA,0.797
3549201,SÃO JOÃO DAS DUAS PONTES,0.72
3549250,SÃO JOÃO DE IRACEMA,0.748
3549300,SÃO JOÃO DO PAU D'ALHO,0.75
3549409,SÃO JOAQUIM DA BARRA,0.762
3549508,SÃO JOSÉ DA BELA VISTA,0.693
3549607,SÃO JOSÉ DO BARREIRO,0.684
3549706,SÃO JOSÉ DO RIO PARDO,0.774
3549805,SÃO JOSÉ DO RIO PRETO,0.797
3549904,SÃO JOSÉ DOS CAMPOS,0.807
3549953,SÃO LOURENÇO DA SERRA,0.728
3550001,SÃO LUÍS DO PARAITINGA,0.697
3550100,SÃO MANUEL,0.744
3550209,SÃO MIGUEL ARCANJO,0.71
3550308,SÃO PAULO,0.805
3550407,SÃO PEDRO,0.755
3550506,SÃO PEDRO DO TURVO,0.703
3550605,SÃO ROQUE,0.768
3550704,SÃO SEBASTIÃO,0.772
3550803,SÃO SEBASTIÃO DA GRAMA,0.701
3550902,SÃO SIMÃO,0.766
3551009,SÃO VICENTE,0.768
3551108,SARAPUÍ,0.707
3551207,SARUTAIÁ,0.688
3551306,SEBASTIANÓPOLIS DO SUL,0.773
3551405,SERRA AZUL,0.686
3551504,SERRANA,0.729
3551603,SERRA NEGRA,0.767
3551702,SERTÃOZINHO,0.761
3551801,SETE BARRAS,0.673
3551900,SEVERÍNIA,0.715
3552007,SILVEIRAS,0.678
3552106,SOCORRO,0.729
3552205,SOROCABA,0.798
3552304,SUD MENNUCCI,0.747
3552403,SUMARÉ,0.762
3552502,SUZANO,0.765
3552551,SUZANÁPOLIS,0.699
3552601,TABAPUÃ,0.735
3552700,TABATINGA,0.704
3552809,TABOÃO DA SERRA,0.769
3552908,TACIBA,0.723
3553005,TAGUAÍ,0.709
3553104,TAIAÇU,0.71
3553203,TAIÚVA,0.76
3553302,TAMBAÚ,0.731
3553401,TANABI,0.748
3553500,TAPIRAÍ,0.681
3553609,TAPIRATIBA,0.751
3553658,TAQUARAL,0.759
3553708,TAQUARITINGA,0.748
3553807,TAQUARITUBA,0.701
3553856,TAQUARIVAÍ,0.679
3553906,TARABAI,0.726
3553955,TARUMÃ,0.753
3554003,TATUÍ,0.752
3554102,TAUBATÉ,0.8
3554201,TEJUPÁ,0.668
3554300,TEODORO SAMPAIO,0.741
3554409,TERRA ROXA,0.749
3554508,TIETÊ,0.778
3554607,TIMBURI,0.71
3554656,TORRE DE PEDRA,0.714
3554706,TORRINHA,0.744
3554755,TRABIJU,0.722
3554805,TREMEMBÉ,0.785
3554904,TRÊS FRONTEIRAS,0.753
3554953,TUIUTI,0.728
3555000,TUPÃ,0.771
3555109,TUPI PAULISTA,0.769
3555208,TURIÚBA,0.751
3555307,TURMALINA,0.736
3555356,UBARANA,0.7
3555406,UBATUBA,0.751
3555505,UBIRAJARA,0.727
3555604,UCHOA,0.721
3555703,UNIÃO PAULISTA,0.749
3555802,URÂNIA,0.746
3555901,URU,0.712
3556008,URUPÊS,0.745
3556107,VALENTIM GENTIL,0.735
3556206,VALINHOS,0.819
3556305,VALPARAÍSO,0.725
3556354,VARGEM,0.699
3556404,VARGEM GRANDE DO SUL,0.737
3556453,VARGEM GRANDE PAULISTA,0.77
3556503,VÁRZEA PAULISTA,0.759
3556602,VERA CRUZ,0.754
3556701,VINHEDO,0.817
3556800,VIRADOURO,0.739
3556909,VISTA ALEGRE DO ALTO,0.744
3556958,VITÓRIA BRASIL,0.725
3557006,VOTORANTIM,0.767
3557105,VOTUPORANGA,0.79
3557154,ZACARIAS,0.729
3557204,CHAVANTES,0.729
3557303,ESTIVA GERBI,0.74
4100103,ABATIÁ,0.687
4100202,ADRIANÓPOLIS,0.667
4100301,AGUDOS DO SUL,0.66
4100400,ALMIRANTE TAMANDARÉ,0.699
4100459,ALTAMIRA DO PARANÁ,0.667
4100509,ALTÔNIA,0.721
4100608,ALTO PARANÁ,0.696
4100707,ALTO PIQUIRI,0.676
4100806,ALVORADA DO SUL,0.708
4100905,AMAPORÃ,0.669
4101002,AMPÉRE,0.709
4101051,ANAHY,0.695
4101101,ANDIRÁ,0.725
4101150,ÂNGULO,0.721
4101200,ANTONINA,0.687
4101309,ANTÔNIO OLINTO,0.656
4101408,APUCARANA,0.748
4101507,ARAPONGAS,0.748
4101606,ARAPOTI,0.723
4101655,ARAPUÃ,0.676
4101705,ARARUNA,0.704
4101804,ARAUCÁRIA,0.74
4101853,ARIRANHA DO IVAÍ,0.67
4101903,ASSAÍ,0.728
4102000,ASSIS CHATEAUBRIAND,0.729
4102109,ASTORGA,0.747
4102208,ATALAIA,0.736
4102307,BALSA NOVA,0.696
4102406,BANDEIRANTES,0.727
4102505,BARBOSA FERRAZ,0.696
4102604,BARRACÃO,0.706
4102703,BARRA DO JACARÉ,0.744
4102752,BELA VISTA DA CAROBA,0.681
4102802,BELA VISTA DO PARAÍSO,0.716
4102901,BITURUNA,0.667
4103008,BOA ESPERANÇA,0.72
4103024,BOA ESPERANÇA DO IGUAÇU,0.7
4103040,BOA VENTURA DE SÃO ROQUE,0.655
4103057,BOA VISTA DA APARECIDA,0.67
4103107,BOCAIÚVA DO SUL,0.64
4103156,BOM JESUS DO SUL,0.697
4103206,BOM SUCESSO,0.686
4103222,BOM SUCESSO DO SUL,0.742
4103305,BORRAZÓPOLIS,0.717
4103354,BRAGANEY,0.701
4103370,BRASILÂNDIA DO SUL,0.681
4103404,CAFEARA,0.693
4103453,CAFELÂNDIA,0.748
4103479,CAFEZAL DO SUL,0.692
4103503,CALIFÓRNIA,0.722
4103602,CAMBARÁ,0.721
4103701,CAMBÉ,0.734
4103800,CAMBIRA,0.725
4103909,CAMPINA DA LAGOA,0.704
4103958,CAMPINA DO SIMÃO,0.63
4104006,CAMPINA GRANDE DO SUL,0.718
4104055,CAMPO BONITO,0.681
4104105,CAMPO DO TENENTE,0.686
4104204,CAMPO LARGO,0.745
4104253,CAMPO MAGRO,0.701
4104303,CAMPO MOURÃO,0.757
4104402,CÂNDIDO DE ABREU,0.629
4104428,CANDÓI,0.635
4104451,CANTAGALO,0.635
4104501,CAPANEMA,0.706
4104600,CAPITÃO LEÔNIDAS MARQUES,0.716
4104659,CARAMBEÍ,0.728
4104709,CARLÓPOLIS,0.713
4104808,CASCAVEL,0.782
4104907,CASTRO,0.703
4105003,CATANDUVAS,0.678
4105102,CENTENÁRIO DO SUL,0.668
4105201,CERRO AZUL,0.573
4105300,CÉU AZUL,0.732
4105409,CHOPINZINHO,0.74
4105508,CIANORTE,0.755
4105607,CIDADE GAÚCHA,0.718
4105706,CLEVELÂNDIA,0.694
4105805,COLOMBO,0.733
4105904,COLORADO,0.73
4106001,CONGONHINHAS,0.668
4106100,CONSELHEIRO MAIRINCK,0.707
4106209,CONTENDA,0.681
4106308,CORBÉLIA,0.738
4106407,CORNÉLIO PROCÓPIO,0.759
4106456,CORONEL DOMINGOS SOARES,0.6
4106506,CORONEL VIVIDA,0.723
4106555,CORUMBATAÍ DO SUL,0.638
4106571,CRUZEIRO DO IGUAÇU,0.709
4106605,CRUZEIRO DO OESTE,0.717
4106704,CRUZEIRO DO SUL,0.713
4106803,CRUZ MACHADO,0.664
4106852,CRUZMALTINA,0.666
4106902,CURITIBA,0.823
4107009,CURIÚVA,0.656
4107108,DIAMANTE DO NORTE,0.723
4107124,DIAMANTE DO SUL,0.608
4107157,DIAMANTE D'OESTE,0.644
4107207,DOIS VIZINHOS,0.767
4107256,DOURADINA,0.724
4107306,DOUTOR CAMARGO,0.746
4107405,ENÉAS MARQUES,0.752
4107504,ENGENHEIRO BELTRÃO,0.73
4107520,ESPERANÇA NOVA,0.689
4107538,ENTRE RIOS DO OESTE,0.761
4107546,ESPIGÃO ALTO DO IGUAÇU,0.636
4107553,FAROL,0.715
4107603,FAXINAL,0.687
4107652,FAZENDA RIO GRANDE,0.72
4107702,FÊNIX,0.716
4107736,FERNANDES PINHEIRO,0.645
4107751,FIGUEIRA,0.677
4107801,FLORAÍ,0.745
4107850,FLOR DA SERRA DO SUL,0.682
4107900,FLORESTA,0.736
4108007,FLORESTÓPOLIS,0.701
4108106,FLÓRIDA,0.732
4108205,FORMOSA DO OESTE,0.723
4108304,FOZ DO IGUAÇU,0.751
4108320,FRANCISCO ALVES,0.669
4108403,FRANCISCO BELTRÃO,0.774
4108452,FOZ DO JORDÃO,0.645
4108502,GENERAL CARNEIRO,0.652
4108551,GODOY MOREIRA,0.675
4108601,GOIOERÊ,0.731
4108650,GOIOXIM,0.641
4108700,GRANDES RIOS,0.658
4108809,GUAÍRA,0.724
4108908,GUAIRAÇÁ,0.693
4108957,GUAMIRANGA,0.669
4109005,GUAPIRAMA,0.702
4109104,GUAPOREMA,0.719
4109203,GUARACI,0.698
4109302,GUARANIAÇU,0.677
4109401,GUARAPUAVA,0.731
4109500,GUARAQUEÇABA,0.587
4109609,GUARATUBA,0.717
4109658,HONÓRIO SERPA,0.683
4109708,IBAITI,0.71
4109757,IBEMA,0.685
4109807,IBIPORÃ,0.726
4109906,ICARAÍMA,0.666
4110003,IGUARAÇU,0.758
4110052,IGUATU,0.703
4110078,IMBAÚ,0.622
4110102,IMBITUVA,0.66
4110201,INÁCIO MARTINS,0.6
4110300,INAJÁ,0.705
4110409,INDIANÓPOLIS,0.724
4110508,IPIRANGA,0.652
4110607,IPORÃ,0.706
4110656,IRACEMA DO OESTE,0.707
4110706,IRATI,0.726
4110805,IRETAMA,0.665
4110904,ITAGUAJÉ,0.707
4110953,ITAIPULÂNDIA,0.738
4111001,ITAMBARACÁ,0.694
4111100,ITAMBÉ,0.746
4111209,ITAPEJARA D'OESTE,0.731
4111258,ITAPERUÇU,0.637
4111308,ITAÚNA DO SUL,0.656
4111407,IVAÍ,0.651
4111506,IVAIPORÃ,0.73
4111555,IVATÉ,0.706
4111605,IVATUBA,0.766
4111704,JABOTI,0.718
4111803,JACAREZINHO,0.743
4111902,JAGUAPITÃ,0.715
4112009,JAGUARIAÍVA,0.743
4112108,JANDAIA DO SUL,0.747
4112207,JANIÓPOLIS,0.696
4112306,JAPIRA,0.696
4112405,JAPURÁ,0.712
4112504,JARDIM ALEGRE,0.689
4112603,JARDIM OLINDA,0.682
4112702,JATAIZINHO,0.687
4112751,JESUÍTAS,0.705
4112801,JOAQUIM TÁVORA,0.7
4112900,JUNDIAÍ DO SUL,0.688
4112959,JURANDA,0.708
4113007,JUSSARA,0.718
4113106,KALORÉ,0.721
4113205,LAPA,0.706
4113254,LARANJAL,0.585
4113304,LARANJEIRAS DO SUL,0.706
4113403,LEÓPOLIS,0.707
4113429,LIDIANÓPOLIS,0.68
4113452,LINDOESTE,0.666
4113502,LOANDA,0.725
4113601,LOBATO,0.744
4113700,LONDRINA,0.778
4113734,LUIZIANA,0.668
4113759,LUNARDELLI,0.69
4113809,LUPIONÓPOLIS,0.71
4113908,MALLET,0.708
4114005,MAMBORÊ,0.719
4114104,MANDAGUAÇU,0.718
4114203,MANDAGUARI,0.751
4114302,MANDIRITUBA,0.655
4114351,MANFRINÓPOLIS,0.645
4114401,MANGUEIRINHA,0.688
4114500,MANOEL RIBAS,0.716
4114609,MARECHAL CÂNDIDO RONDON,0.774
4114708,MARIA HELENA,0.703
4114807,MARIALVA,0.735
4114906,MARILÂNDIA DO SUL,0.691
4115002,MARILENA,0.681
4115101,MARILUZ,0.639
4115200,MARINGÁ,0.808
4115309,MARIÓPOLIS,0.698
4115358,MARIPÁ,0.758
4115408,MARMELEIRO,0.722
4115457,MARQUINHO,0.614
4115507,MARUMBI,0.721
4115606,MATELÂNDIA,0.725
4115705,MATINHOS,0.743
4115739,MATO RICO,0.632
4115754,MAUÁ DA SERRA,0.652
4115804,MEDIANEIRA,0.763
4115853,MERCEDES,0.74
4115903,MIRADOR,0.68
4116000,MIRASELVA,0.748
4116059,MISSAL,0.711
4116109,MOREIRA SALES,0.675
4116208,MORRETES,0.686
4116307,MUNHOZ DE MELO,0.726
4116406,NOSSA SENHORA DAS GRAÇAS,0.709
4116505,NOVA ALIANÇA DO IVAÍ,0.717
4116604,NOVA AMÉRICA DA COLINA,0.698
4116703,NOVA AURORA,0.733
4116802,NOVA CANTU,0.658
4116901,NOVA ESPERANÇA,0.722
4116950,NOVA ESPERANÇA DO SUDOESTE,0.714
4117008,NOVA FÁTIMA,0.688
4117057,NOVA LARANJEIRAS,0.642
4117107,NOVA LONDRINA,0.758
4117206,NOVA OLÍMPIA,0.71
4117214,NOVA SANTA BÁRBARA,0.68
4117222,NOVA SANTA ROSA,0.731
4117255,NOVA PRATA DO IGUAÇU,0.716
4117271,NOVA TEBAS,0.651
4117297,NOVO ITACOLOMI,0.71
4117305,ORTIGUEIRA,0.609
4117404,OURIZONA,0.72
4117453,OURO VERDE DO OESTE,0.709
4117503,PAIÇANDU,0.716
4117602,PALMAS,0.66
4117701,PALMEIRA,0.718
4117800,PALMITAL,0.639
4117909,PALOTINA,0.768
4118006,PARAÍSO DO NORTE,0.746
4118105,PARANACITY,0.717
4118204,PARANAGUÁ,0.75
4118303,PARANAPOEMA,0.709
4118402,PARANAVAÍ,0.763
4118451,PATO BRAGADO,0.747
4118501,PATO BRANCO,0.782
4118600,PAULA FREITAS,0.717
4118709,PAULO FRONTIN,0.708
4118808,PEABIRU,0.723
4118857,PEROBAL,0.713
4118907,PÉROLA,0.7
4119004,PÉROLA D'OESTE,0.726
4119103,PIÊN,0.694
4119152,PINHAIS,0.751
4119202,PINHALÃO,0.697
4119251,PINHAL DE SÃO BENTO,0.695
4119301,PINHÃO,0.654
4119400,PIRAÍ DO SUL,0.708
4119509,PIRAQUARA,0.7
4119608,PITANGA,0.702
4119657,PITANGUEIRAS,0.71
4119707,PLANALTINA DO PARANÁ,0.705
4119806,PLANALTO,0.706
4119905,PONTA GROSSA,0.763
4119954,PONTAL DO PARANÁ,0.738
4120002,PORECATU,0.738
4120101,PORTO AMAZONAS,0.7
4120150,PORTO BARREIRO,0.688
4120200,PORTO RICO,0.735
4120309,PORTO VITÓRIA,0.685
4120333,PRADO FERREIRA,0.71
4120358,PRANCHITA,0.752
4120408,PRESIDENTE CASTELO BRANCO,0.713
4120507,PRIMEIRO DE MAIO,0.701
4120606,PRUDENTÓPOLIS,0.676
4120655,QUARTO CENTENÁRIO,0.71
4120705,QUATIGUÁ,0.714
4120804,QUATRO BARRAS,0.742
4120853,QUATRO PONTES,0.791
4120903,QUEDAS DO IGUAÇU,0.681
4121000,QUERÊNCIA DO NORTE,0.688
4121109,QUINTA DO SOL,0.715
4121208,QUITANDINHA,0.68
4121257,RAMILÂNDIA,0.63
4121307,RANCHO ALEGRE,0.707
4121356,RANCHO ALEGRE D'OESTE,0.704
4121406,REALEZA,0.722
4121505,REBOUÇAS,0.672
4121604,RENASCENÇA,0.733
4121703,RESERVA,0.618
4121752,RESERVA DO IGUAÇU,0.648
4121802,RIBEIRÃO CLARO,0.716
4121901,RIBEIRÃO DO PINHAL,0.701
4122008,RIO AZUL,0.687
4122107,RIO BOM,0.729
4122156,RIO BONITO DO IGUAÇU,0.629
4122172,RIO BRANCO DO IVAÍ,0.64
4122206,RIO BRANCO DO SUL,0.679
4122305,RIO NEGRO,0.76
4122404,ROLÂNDIA,0.739
4122503,RONCADOR,0.681
4122602,RONDON,0.713
4122651,ROSÁRIO DO IVAÍ,0.662
4122701,SABÁUDIA,0.74
4122800,SALGADO FILHO,0.7
4122909,SALTO DO ITARARÉ,0.704
4123006,SALTO DO LONTRA,0.718
4123105,SANTA AMÉLIA,0.653
4123204,SANTA CECÍLIA DO PAVÃO,0.723
4123303,SANTA CRUZ DE MONTE CASTELO,0.71
4123402,SANTA FÉ,0.705
4123501,SANTA HELENA,0.744
4123600,SANTA INÊS,0.717
4123709,SANTA ISABEL DO IVAÍ,0.72
4123808,SANTA IZABEL DO OESTE,0.696
4123824,SANTA LÚCIA,0.687
4123857,SANTA MARIA DO OESTE,0.609
4123907,SANTA MARIANA,0.7
4123956,SANTA MÔNICA,0.704
4124004,SANTANA DO ITARARÉ,0.687
4124020,SANTA TEREZA DO OESTE,0.705
4124053,SANTA TEREZINHA DE ITAIPU,0.738
4124103,SANTO ANTÔNIO DA PLATINA,0.718
4124202,SANTO ANTÔNIO DO CAIUÁ,0.696
4124301,SANTO ANTÔNIO DO PARAÍSO,0.716
4124400,SANTO ANTÔNIO DO SUDOESTE,0.671
4124509,SANTO INÁCIO,0.739
4124608,SÃO CARLOS DO IVAÍ,0.682
4124707,SÃO JERÔNIMO DA SERRA,0.637
4124806,SÃO JOÃO,0.727
4124905,SÃO JOÃO DO CAIUÁ,0.664
4125001,SÃO JOÃO DO IVAÍ,0.693
4125100,SÃO JOÃO DO TRIUNFO,0.629
4125209,SÃO JORGE D'OESTE,0.722
4125308,SÃO JORGE DO IVAÍ,0.743
4125357,SÃO JORGE DO PATROCÍNIO,0.676
4125407,SÃO JOSÉ DA BOA VISTA,0.671
4125456,SÃO JOSÉ DAS PALMEIRAS,0.713
4125506,SÃO JOSÉ DOS PINHAIS,0.758
4125555,SÃO MANOEL DO PARANÁ,0.725
4125605,SÃO MATEUS DO SUL,0.719
4125704,SÃO MIGUEL DO IGUAÇU,0.704
4125753,SÃO PEDRO DO IGUAÇU,0.683
4125803,SÃO PEDRO DO IVAÍ,0.717
4125902,SÃO PEDRO DO PARANÁ,0.704
4126009,SÃO SEBASTIÃO DA AMOREIRA,0.715
4126108,SÃO TOMÉ,0.725
4126207,SAPOPEMA,0.655
4126256,SARANDI,0.695
4126272,SAUDADE DO IGUAÇU,0.699
4126306,SENGÉS,0.663
4126355,SERRANÓPOLIS DO IGUAÇU,0.762
4126405,SERTANEJA,0.725
4126504,SERTANÓPOLIS,0.723
4126603,SIQUEIRA CAMPOS,0.704
4126652,SULINA,0.693
4126678,TAMARANA,0.621
4126702,TAMBOARA,0.731
4126801,TAPEJARA,0.703
4126900,TAPIRA,0.697
4127007,TEIXEIRA SOARES,0.671
4127106,TELÊMACO BORBA,0.734
4127205,TERRA BOA,0.728
4127304,TERRA RICA,0.71
4127403,TERRA ROXA,0.714
4127502,TIBAGI,0.664
4127601,TIJUCAS DO SUL,0.636
4127700,TOLEDO,0.768
4127809,TOMAZINA,0.699
4127858,TRÊS BARRAS DO PARANÁ,0.681
4127882,TUNAS DO PARANÁ,0.611
4127908,TUNEIRAS DO OESTE,0.695
4127957,TUPÃSSI,0.73
4127965,TURVO,0.672
4128005,UBIRATÃ,0.739
4128104,UMUARAMA,0.761
4128203,UNIÃO DA VITÓRIA,0.74
4128302,UNIFLOR,0.72
4128401,URAÍ,0.721
4128500,WENCESLAU BRAZ,0.687
4128534,VENTANIA,0.65
4128559,VERA CRUZ DO OESTE,0.699
4128609,VERÊ,0.72
4128625,ALTO PARAÍSO,0.678
4128633,DOUTOR ULYSSES,0.546
4128658,VIRMOND,0.722
4128708,VITORINO,0.702
4128807,XAMBRÊ,0.706
4200051,ABDON BATISTA,0.694
4200101,ABELARDO LUZ,0.696
4200200,AGROLÂNDIA,0.725
4200309,AGRONÔMICA,0.741
4200408,ÁGUA DOCE,0.698
4200507,ÁGUAS DE CHAPECÓ,0.713
4200556,ÁGUAS FRIAS,0.745
4200606,ÁGUAS MORNAS,0.723
4200705,ALFREDO WAGNER,0.668
4200754,ALTO BELA VISTA,0.755
4200804,ANCHIETA,0.699
4200903,ANGELINA,0.687
4201000,ANITA GARIBALDI,0.688
4201109,ANITÁPOLIS,0.674
4201208,ANTÔNIO CARLOS,0.749
4201257,APIÚNA,0.708
4201273,ARABUTÃ,0.733
4201307,ARAQUARI,0.703
4201406,ARARANGUÁ,0.76
4201505,ARMAZÉM,0.77
4201604,ARROIO TRINTA,0.764
4201653,ARVOREDO,0.715
4201703,ASCURRA,0.742
4201802,ATALANTA,0.733
4201901,AURORA,0.733
4201950,BALNEÁRIO ARROIO DO SILVA,0.746
4202008,BALNEÁRIO CAMBORIÚ,0.845
4202057,BALNEÁRIO BARRA DO SUL,0.716
4202073,BALNEÁRIO GAIVOTA,0.728
4202081,BANDEIRANTE,0.672
4202099,BARRA BONITA,0.701
4202107,BARRA VELHA,0.738
4202131,BELA VISTA DO TOLDO,0.675
4202156,BELMONTE,0.705
4202206,BENEDITO NOVO,0.74
4202305,BIGUAÇU,0.739
4202404,BLUMENAU,0.806
4202438,BOCAINA DO SUL,0.647
4202453,BOMBINHAS,0.781
4202503,BOM JARDIM DA SERRA,0.696
4202537,BOM JESUS,0.718
4202578,BOM JESUS DO OESTE,0.712
4202602,BOM RETIRO,0.699
4202701,BOTUVERÁ,0.724
4202800,BRAÇO DO NORTE,0.778
4202859,BRAÇO DO TROMBUDO,0.78
4202875,BRUNÓPOLIS,0.661
4202909,BRUSQUE,0.795
4203006,CAÇADOR,0.735
4203105,CAIBI,0.728
4203154,CALMON,0.622
4203204,CAMBORIÚ,0.726
4203253,CAPÃO ALTO,0.654
4203303,CAMPO ALEGRE,0.714
4203402,CAMPO BELO DO SUL,0.641
4203501,CAMPO ERÊ,0.69
4203600,CAMPOS NOVOS,0.742
4203709,CANELINHA,0.697
4203808,CANOINHAS,0.757
4203907,CAPINZAL,0.752
4203956,CAPIVARI DE BAIXO,0.767
4204004,CATANDUVAS,0.714
4204103,CAXAMBU DO SUL,0.691
4204152,CELSO RAMOS,0.719
4204178,CERRO NEGRO,0.621
4204194,CHAPADÃO DO LAGEADO,0.704
4204202,CHAPECÓ,0.79
4204251,COCAL DO SUL,0.78
4204301,CONCÓRDIA,0.8
4204350,CORDILHEIRA ALTA,0.747
4204400,CORONEL FREITAS,0.744
4204459,CORONEL MARTINS,0.696
4204509,CORUPÁ,0.78
4204558,CORREIA PINTO,0.702
4204608,CRICIÚMA,0.788
4204707,CUNHA PORÃ,0.742
4204756,CUNHATAÍ,0.754
4204806,CURITIBANOS,0.721
4204905,DESCANSO,0.743
4205001,DIONÍSIO CERQUEIRA,0.706
4205100,DONA EMMA,0.742
4205159,DOUTOR PEDRINHO,0.716
4205175,ENTRE RIOS,0.657
4205191,ERMO,0.726
4205209,ERVAL VELHO,0.723
4205308,FAXINAL DOS GUEDES,0.758
4205357,FLOR DO SERTÃO,0.708
4205407,FLORIANÓPOLIS,0.847
4205431,FORMOSA DO SUL,0.715
4205456,FORQUILHINHA,0.753
4205506,FRAIBURGO,0.731
4205555,FREI ROGÉRIO,0.682
4205605,GALVÃO,0.708
4205704,GAROPABA,0.753
4205803,GARUVA,0.725
4205902,GASPAR,0.765
4206009,GOVERNADOR CELSO RAMOS,0.747
4206108,GRÃO PARÁ,0.736
4206207,GRAVATAL,0.757
4206306,GUABIRUBA,0.754
4206405,GUARACIABA,0.751
4206504,GUARAMIRIM,0.751
4206603,GUARUJÁ DO SUL,0.73
4206652,GUATAMBÚ,0.717
4206702,HERVAL D'OESTE,0.758
4206751,IBIAM,0.725
4206801,IBICARÉ,0.708
4206900,IBIRAMA,0.737
4207007,IÇARA,0.741
4207106,ILHOTA,0.738
4207205,IMARUÍ,0.667
4207304,IMBITUBA,0.765
4207403,IMBUIA,0.713
4207502,INDAIAL,0.777
4207577,IOMERÊ,0.795
4207601,IPIRA,0.736
4207650,IPORÃ DO OESTE,0.759
4207684,IPUAÇU,0.66
4207700,IPUMIRIM,0.738
4207759,IRACEMINHA,0.722
4207809,IRANI,0.742
4207858,IRATI,0.707
4207908,IRINEÓPOLIS,0.699
4208005,ITÁ,0.771
4208104,ITAIÓPOLIS,0.708
4208203,ITAJAÍ,0.795
4208302,ITAPEMA,0.796
4208401,ITAPIRANGA,0.775
4208450,ITAPOÁ,0.761
4208500,ITUPORANGA,0.748
4208609,JABORÁ,0.732
4208708,JACINTO MACHADO,0.716
4208807,JAGUARUNA,0.721
4208906,JARAGUÁ DO SUL,0.803
4208955,JARDINÓPOLIS,0.709
4209003,JOAÇABA,0.827
4209102,JOINVILLE,0.809
4209151,JOSÉ BOITEUX,0.694
4209177,JUPIÁ,0.719
4209201,LACERDÓPOLIS,0.781
4209300,LAGES,0.77
4209409,LAGUNA,0.752
4209458,LAJEADO GRANDE,0.771
4209508,LAURENTINO,0.749
4209607,LAURO MULLER,0.735
4209706,LEBON RÉGIS,0.649
4209805,LEOBERTO LEAL,0.686
4209854,LINDÓIA DO SUL,0.743
4209904,LONTRAS,0.704
4210001,LUIZ ALVES,0.737
4210035,LUZERNA,0.789
4210050,MACIEIRA,0.662
4210100,MAFRA,0.777
4210209,MAJOR GERCINO,0.698
4210308,MAJOR VIEIRA,0.69
4210407,MARACAJÁ,0.768
4210506,MARAVILHA,0.781
4210555,MAREMA,0.743
4210605,MASSARANDUBA,0.774
4210704,MATOS COSTA,0.657
4210803,MELEIRO,0.738
4210852,MIRIM DOCE,0.708
4210902,MODELO,0.76
4211009,MONDAÍ,0.748
4211058,MONTE CARLO,0.643
4211108,MONTE CASTELO,0.675
4211207,MORRO DA FUMAÇA,0.738
4211256,MORRO GRANDE,0.701
4211306,NAVEGANTES,0.736
4211405,NOVA ERECHIM,0.765
4211454,NOVA ITABERABA,0.736
4211504,NOVA TRENTO,0.748
4211603,NOVA VENEZA,0.768
4211652,NOVO HORIZONTE,0.706
4211702,ORLEANS,0.755
4211751,OTACÍLIO COSTA,0.74
4211801,OURO,0.774
4211850,OURO VERDE,0.695
4211876,PAIAL,0.718
4211892,PAINEL,0.664
4211900,PALHOÇA,0.757
4212007,PALMA SOLA,0.704
4212056,PALMEIRA,0.671
4212106,PALMITOS,0.737
4212205,PAPANDUVA,0.704
4212239,PARAÍSO,0.7
4212254,PASSO DE TORRES,0.72
4212270,PASSOS MAIA,0.659
4212304,PAULO LOPES,0.716
4212403,PEDRAS GRANDES,0.728
4212502,PENHA,0.743
4212601,PERITIBA,0.766
4212700,PETROLÂNDIA,0.716
4212809,BALNEÁRIO PIÇARRAS,0.756
4212908,PINHALZINHO,0.783
4213005,PINHEIRO PRETO,0.777
4213104,PIRATUBA,0.758
4213153,PLANALTO ALEGRE,0.751
4213203,POMERODE,0.78
4213302,PONTE ALTA,0.673
4213351,PONTE ALTA DO NORTE,0.689
4213401,PONTE SERRADA,0.693
4213500,PORTO BELO,0.76
4213609,PORTO UNIÃO,0.786
4213708,POUSO REDONDO,0.72
4213807,PRAIA GRANDE,0.718
4213906,PRESIDENTE CASTELLO BRANCO,0.77
4214003,PRESIDENTE GETÚLIO,0.759
4214102,PRESIDENTE NEREU,0.737
4214151,PRINCESA,0.706
4214201,QUILOMBO,0.73
4214300,RANCHO QUEIMADO,0.753
4214409,RIO DAS ANTAS,0.697
4214508,RIO DO CAMPO,0.729
4214607,RIO DO OESTE,0.754
4214706,RIO DOS CEDROS,0.729
4214805,RIO DO SUL,0.802
4214904,RIO FORTUNA,0.806
4215000,RIO NEGRINHO,0.738
4215059,RIO RUFINO,0.653
4215075,RIQUEZA,0.714
4215109,RODEIO,0.754
4215208,ROMELÂNDIA,0.692
4215307,SALETE,0.744
4215356,SALTINHO,0.654
4215406,SALTO VELOSO,0.784
4215455,SANGÃO,0.7
4215505,SANTA CECÍLIA,0.698
4215554,SANTA HELENA,0.727
4215604,SANTA ROSA DE LIMA,0.757
4215653,SANTA ROSA DO SUL,0.705
4215679,SANTA TEREZINHA,0.669
4215687,SANTA TEREZINHA DO PROGRESSO,0.682
4215695,SANTIAGO DO SUL,0.728
4215703,SANTO AMARO DA IMPERATRIZ,0.781
4215752,SÃO BERNARDINO,0.677
4215802,SÃO BENTO DO SUL,0.782
4215901,SÃO BONIFÁCIO,0.731
4216008,SÃO CARLOS,0.769
4216057,SÃO CRISTOVÃO DO SUL,0.665
4216107,SÃO DOMINGOS,0.765
4216206,SÃO FRANCISCO DO SUL,0.762
4216255,SÃO JOÃO DO OESTE,0.761
4216305,SÃO JOÃO BATISTA,0.74
4216354,SÃO JOÃO DO ITAPERIÚ,0.738
4216404,SÃO JOÃO DO SUL,0.695
4216503,SÃO JOAQUIM,0.687
4216602,SÃO JOSÉ,0.809
4216701,SÃO JOSÉ DO CEDRO,0.731
4216800,SÃO JOSÉ DO CERRITO,0.636
4216909,SÃO LOURENÇO DO OESTE,0.749
4217006,SÃO LUDGERO,0.755
4217105,SÃO MARTINHO,0.742
4217154,SÃO MIGUEL DA BOA VISTA,0.71
4217204,SÃO MIGUEL DO OESTE,0.801
4217253,SÃO PEDRO DE ALCÂNTARA,0.734
4217303,SAUDADES,0.755
4217402,SCHROEDER,0.769
4217501,SEARA,0.779
4217550,SERRA ALTA,0.773
4217600,SIDERÓPOLIS,0.774
4217709,SOMBRIO,0.728
4217758,SUL BRASIL,0.707
4217808,TAIÓ,0.761
4217907,TANGARÁ,0.737
4217956,TIGRINHOS,0.717
4218004,TIJUCAS,0.76
4218103,TIMBÉ DO SUL,0.72
4218202,TIMBÓ,0.784
4218251,TIMBÓ GRANDE,0.659
4218301,TRÊS BARRAS,0.706
4218350,TREVISO,0.774
4218400,TREZE DE MAIO,0.729
4218509,TREZE TÍLIAS,0.795
4218608,TROMBUDO CENTRAL,0.775
4218707,TUBARÃO,0.796
4218756,TUNÁPOLIS,0.752
4218806,TURVO,0.74
4218855,UNIÃO DO OESTE,0.705
4218905,URUBICI,0.694
4218954,URUPEMA,0.699
4219002,URUSSANGA,0.772
4219101,VARGEÃO,0.686
4219150,VARGEM,0.629
4219176,VARGEM BONITA,0.718
4219200,VIDAL RAMOS,0.7
4219309,VIDEIRA,0.764
4219358,VITOR MEIRELES,0.673
4219408,WITMARSUM,0.71
4219507,XANXERÊ,0.775
4219606,XAVANTINA,0.749
4219705,XAXIM,0.752
4219853,ZORTÉA,0.761
4300034,ACEGUÁ,0.687
4300059,ÁGUA SANTA,0.75
4300109,AGUDO,0.694
4300208,AJURICABA,0.753
4300307,ALECRIM,0.672
4300406,ALEGRETE,0.74
4300455,ALEGRIA,0.695
4300471,ALMIRANTE TAMANDARÉ DO SUL,0.74
4300505,ALPESTRE,0.671
4300554,ALTO ALEGRE,0.747
4300570,ALTO FELIZ,0.734
4300604,ALVORADA,0.699
4300638,AMARAL FERRADOR,0.624
4300646,AMETISTA DO SUL,0.682
4300661,ANDRÉ DA ROCHA,0.72
4300703,ANTA GORDA,0.74
4300802,ANTÔNIO PRADO,0.758
4300851,ARAMBARÉ,0.691
4300877,ARARICÁ,0.679
4300901,ARATIBA,0.772
4301008,ARROIO DO MEIO,0.769
4301057,ARROIO DO SAL,0.74
4301073,ARROIO DO PADRE,0.669
4301107,ARROIO DOS RATOS,0.698
4301206,ARROIO DO TIGRE,0.707
4301305,ARROIO GRANDE,0.657
4301404,ARVOREZINHA,0.694
4301503,AUGUSTO PESTANA,0.743
4301552,ÁUREA,0.707
4301602,BAGÉ,0.74
4301636,BALNEÁRIO PINHAL,0.696
4301651,BARÃO,0.748
4301701,BARÃO DE COTEGIPE,0.719
4301750,BARÃO DO TRIUNFO,0.61
4301800,BARRACÃO,0.71
4301859,BARRA DO GUARITA,0.734
4301875,BARRA DO QUARAÍ,0.662
4301909,BARRA DO RIBEIRO,0.67
4301925,BARRA DO RIO AZUL,0.723
4301958,BARRA FUNDA,0.763
4302006,BARROS CASSAL,0.65
4302055,BENJAMIN CONSTANT DO SUL,0.619
4302105,BENTO GONÇALVES,0.778
4302154,BOA VISTA DAS MISSÕES,0.676
4302204,BOA VISTA DO BURICÁ,0.762
4302220,BOA VISTA DO CADEADO,0.703
4302238,BOA VISTA DO INCRA,0.731
4302253,BOA VISTA DO SUL,0.728
4302303,BOM JESUS,0.666
4302352,BOM PRINCÍPIO,0.746
4302378,BOM PROGRESSO,0.723
4302402,BOM RETIRO DO SUL,0.739
4302451,BOQUEIRÃO DO LEÃO,0.7
4302501,BOSSOROCA,0.692
4302584,BOZANO,0.745
4302600,BRAGA,0.674
4302659,BROCHIER,0.699
4302709,BUTIÁ,0.689
4302808,CAÇAPAVA DO SUL,0.704
4302907,CACEQUI,0.7
4303004,CACHOEIRA DO SUL,0.742
4303103,CACHOEIRINHA,0.757
4303202,CACIQUE DOBLE,0.662
4303301,CAIBATÉ,0.719
4303400,CAIÇARA,0.699
4303509,CAMAQUÃ,0.697
4303558,CAMARGO,0.736
4303608,CAMBARÁ DO SUL,0.697
4303673,CAMPESTRE DA SERRA,0.706
4303707,CAMPINA DAS MISSÕES,0.738
4303806,CAMPINAS DO SUL,0.76
4303905,CAMPO BOM,0.745
4304002,CAMPO NOVO,0.703
4304101,CAMPOS BORGES,0.708
4304200,CANDELÁRIA,0.674
4304309,CÂNDIDO GODÓI,0.728
4304358,CANDIOTA,0.698
4304408,CANELA,0.748
4304507,CANGUÇU,0.65
4304606,CANOAS,0.75
4304614,CANUDOS DO VALE,0.713
4304622,CAPÃO BONITO DO SUL,0.637
4304630,CAPÃO DA CANOA,0.743
4304655,CAPÃO DO CIPÓ,0.672
4304663,CAPÃO DO LEÃO,0.637
4304671,CAPIVARI DO SUL,0.766
4304689,CAPELA DE SANTANA,0.661
4304697,CAPITÃO,0.746
4304705,CARAZINHO,0.766
4304713,CARAÁ,0.652
4304804,CARLOS BARBOSA,0.796
4304853,CARLOS GOMES,0.739
4304903,CASCA,0.785
4304952,CASEIROS,0.703
4305009,CATUÍPE,0.739
4305108,CAXIAS DO SUL,0.782
4305116,CENTENÁRIO,0.701
4305124,CERRITO,0.649
4305132,CERRO BRANCO,0.661
4305157,CERRO GRANDE,0.674
4305173,CERRO GRANDE DO SUL,0.66
4305207,CERRO LARGO,0.764
4305306,CHAPADA,0.757
4305355,CHARQUEADAS,0.747
4305371,CHARRUA,0.62
4305405,CHIAPETTA,0.732
4305439,CHUÍ,0.706
4305447,CHUVISCA,0.616
4305454,CIDREIRA,0.729
4305504,CIRÍACO,0.719
4305587,COLINAS,0.765
4305603,COLORADO,0.758
4305702,CONDOR,0.747
4305801,CONSTANTINA,0.754
4305835,COQUEIRO BAIXO,0.692
4305850,COQUEIROS DO SUL,0.746
4305871,CORONEL BARROS,0.744
4305900,CORONEL BICACO,0.665
4305934,CORONEL PILAR,0.727
4305959,COTIPORÃ,0.741
4305975,COXILHA,0.706
4306007,CRISSIUMAL,0.712
4306056,CRISTAL,0.644
4306072,CRISTAL DO SUL,0.66
4306106,CRUZ ALTA,0.75
4306130,CRUZALTENSE,0.719
4306205,CRUZEIRO DO SUL,0.723
4306304,DAVID CANABARRO,0.762
4306320,DERRUBADAS,0.707
4306353,DEZESSEIS DE NOVEMBRO,0.654
4306379,DILERMANDO DE AGUIAR,0.648
4306403,DOIS IRMÃOS,0.743
4306429,DOIS IRMÃOS DAS MISSÕES,0.67
4306452,DOIS LAJEADOS,0.757
4306502,DOM FELICIANO,0.587
4306551,DOM PEDRO DE ALCÂNTARA,0.691
4306601,DOM PEDRITO,0.708
4306700,DONA FRANCISCA,0.697
4306734,DOUTOR MAURÍCIO CARDOSO,0.706
4306759,DOUTOR RICARDO,0.724
4306767,ELDORADO DO SUL,0.717
4306809,ENCANTADO,0.767
4306908,ENCRUZILHADA DO SUL,0.657
4306924,ENGENHO VELHO,0.717
4306932,ENTRE-IJUÍS,0.68
4306957,ENTRE RIOS DO SUL,0.703
4306973,EREBANGO,0.712
4307005,ERECHIM,0.776
4307054,ERNESTINA,0.716
4307104,HERVAL,0.687
4307203,ERVAL GRANDE,0.681
4307302,ERVAL SECO,0.685
4307401,ESMERALDA,0.68
4307450,ESPERANÇA DO SUL,0.661
4307500,ESPUMOSO,0.765
4307559,ESTAÇÃO,0.753
4307609,ESTÂNCIA VELHA,0.757
4307708,ESTEIO,0.754
4307807,ESTRELA,0.767
4307815,ESTRELA VELHA,0.679
4307831,EUGÊNIO DE CASTRO,0.712
4307864,FAGUNDES VARELA,0.763
4307906,FARROUPILHA,0.777
4308003,FAXINAL DO SOTURNO,0.72
4308052,FAXINALZINHO,0.666
4308078,FAZENDA VILANOVA,0.698
4308102,FELIZ,0.75
4308201,FLORES DA CUNHA,0.754
4308250,FLORIANO PEIXOTO,0.663
4308300,FONTOURA XAVIER,0.661
4308409,FORMIGUEIRO,0.682
4308433,FORQUETINHA,0.683
4308458,FORTALEZA DOS VALOS,0.756
4308508,FREDERICO WESTPHALEN,0.76
4308607,GARIBALDI,0.786
4308656,GARRUCHOS,0.671
4308706,GAURAMA,0.738
4308805,GENERAL CÂMARA,0.686
4308854,GENTIL,0.733
4308904,GETÚLIO VARGAS,0.746
4309001,GIRUÁ,0.721
4309050,GLORINHA,0.714
4309100,GRAMADO,0.764
4309126,GRAMADO DOS LOUREIROS,0.685
4309159,GRAMADO XAVIER,0.634
4309209,GRAVATAÍ,0.736
4309258,GUABIJU,0.758
4309308,GUAÍBA,0.73
4309407,GUAPORÉ,0.765
4309506,GUARANI DAS MISSÕES,0.737
4309555,HARMONIA,0.749
4309571,HERVEIRAS,0.616
4309605,HORIZONTINA,0.783
4309654,HULHA NEGRA,0.643
4309704,HUMAITÁ,0.738
4309753,IBARAMA,0.652
4309803,IBIAÇÁ,0.739
4309902,IBIRAIARAS,0.724
4309951,IBIRAPUITÃ,0.638
4310009,IBIRUBÁ,0.765
4310108,IGREJINHA,0.721
4310207,IJUÍ,0.781
4310306,ILÓPOLIS,0.73
4310330,IMBÉ,0.764
4310363,IMIGRANTE,0.743
4310405,INDEPENDÊNCIA,0.693
4310413,INHACORÁ,0.673
4310439,IPÊ,0.728
4310462,IPIRANGA DO SUL,0.791
4310504,IRAÍ,0.691
4310538,ITAARA,0.76
4310553,ITACURUBI,0.657
4310579,ITAPUCA,0.664
4310603,ITAQUI,0.713
4310652,ITATI,0.669
4310702,ITATIBA DO SUL,0.681
4310751,IVORÁ,0.724
4310801,IVOTI,0.784
4310850,JABOTICABA,0.658
4310876,JACUIZINHO,0.662
4310900,JACUTINGA,0.726
4311007,JAGUARÃO,0.707
4311106,JAGUARI,0.712
4311122,JAQUIRANA,0.614
4311130,JARI,0.631
4311155,JÓIA,0.686
4311205,JÚLIO DE CASTILHOS,0.716
4311239,LAGOA BONITA DO SUL,0.67
4311254,LAGOÃO,0.643
4311270,LAGOA DOS TRÊS CANTOS,0.789
4311304,LAGOA VERMELHA,0.738
4311403,LAJEADO,0.778
4311429,LAJEADO DO BUGRE,0.613
4311502,LAVRAS DO SUL,0.699
4311601,LIBERATO SALZANO,0.685
4311627,LINDOLFO COLLOR,0.712
4311643,LINHA NOVA,0.749
4311700,MACHADINHO,0.692
4311718,MAÇAMBARÁ,0.684
4311734,MAMPITUBA,0.649
4311759,MANOEL VIANA,0.655
4311775,MAQUINÉ,0.682
4311791,MARATÁ,0.697
4311809,MARAU,0.774
4311908,MARCELINO RAMOS,0.724
4311981,MARIANA PIMENTEL,0.701
4312005,MARIANO MORO,0.73
4312054,MARQUES DE SOUZA,0.687
4312104,MATA,0.656
4312138,MATO CASTELHANO,0.727
4312153,MATO LEITÃO,0.746
4312179,MATO QUEIMADO,0.717
4312203,MAXIMILIANO DE ALMEIDA,0.699
4312252,MINAS DO LEÃO,0.681
4312302,MIRAGUAÍ,0.725
4312351,MONTAURI,0.764
4312377,MONTE ALEGRE DOS CAMPOS,0.65
4312385,MONTE BELO DO SUL,0.752
4312401,MONTENEGRO,0.755
4312427,MORMAÇO,0.714
4312443,MORRINHOS DO SUL,0.711
4312450,MORRO REDONDO,0.702
4312476,MORRO REUTER,0.743
4312500,MOSTARDAS,0.664
4312609,MUÇUM,0.746
4312617,MUITOS CAPÕES,0.702
4312625,MULITERNO,0.689
4312658,NÃO-ME-TOQUE,0.765
4312674,NICOLAU VERGUEIRO,0.753
4312708,NONOAI,0.702
4312757,NOVA ALVORADA,0.74
4312807,NOVA ARAÇÁ,0.785
4312906,NOVA BASSANO,0.747
4312955,NOVA BOA VISTA,0.768
4313003,NOVA BRÉSCIA,0.778
4313011,NOVA CANDELÁRIA,0.759
4313037,NOVA ESPERANÇA DO SUL,0.735
4313060,NOVA HARTZ,0.689
4313086,NOVA PÁDUA,0.761
4313102,NOVA PALMA,0.744
4313201,NOVA PETRÓPOLIS,0.78
4313300,NOVA PRATA,0.766
4313334,NOVA RAMADA,0.742
4313359,NOVA ROMA DO SUL,0.741
4313375,NOVA SANTA RITA,0.718
4313391,NOVO CABRAIS,0.688
4313409,NOVO HAMBURGO,0.747
4313425,NOVO MACHADO,0.663
4313441,NOVO TIRADENTES,0.676
4313466,NOVO XINGU,0.767
4313490,NOVO BARREIRO,0.706
4313508,OSÓRIO,0.751
4313607,PAIM FILHO,0.706
4313656,PALMARES DO SUL,0.715
4313706,PALMEIRA DAS MISSÕES,0.737
4313805,PALMITINHO,0.72
4313904,PANAMBI,0.761
4313953,PANTANO GRANDE,0.661
4314001,PARAÍ,0.773
4314027,PARAÍSO DO SUL,0.676
4314035,PARECI NOVO,0.749
4314050,PAROBÉ,0.704
4314068,PASSA SETE,0.622
4314076,PASSO DO SOBRADO,0.698
4314100,PASSO FUNDO,0.776
4314134,PAULO BENTO,0.71
4314159,PAVERAMA,0.683
4314175,PEDRAS ALTAS,0.64
4314209,PEDRO OSÓRIO,0.678
4314308,PEJUÇARA,0.741
4314407,PELOTAS,0.739
4314423,PICADA CAFÉ,0.758
4314456,PINHAL,0.72
4314464,PINHAL DA SERRA,0.65
4314472,PINHAL GRANDE,0.678
4314498,PINHEIRINHO DO VALE,0.71
4314506,PINHEIRO MACHADO,0.661
4314555,PIRAPÓ,0.669
4314605,PIRATINI,0.658
4314704,PLANALTO,0.687
4314753,POÇO DAS ANTAS,0.744
4314779,PONTÃO,0.725
4314787,PONTE PRETA,0.725
4314803,PORTÃO,0.713
4314902,PORTO ALEGRE,0.805
4315008,PORTO LUCENA,0.693
4315057,PORTO MAUÁ,0.698
4315073,PORTO VERA CRUZ,0.69
4315107,PORTO XAVIER,0.723
4315131,POUSO NOVO,0.715
4315149,PRESIDENTE LUCENA,0.757
4315156,PROGRESSO,0.683
4315172,PROTÁSIO ALVES,0.733
4315206,PUTINGA,0.715
4315305,QUARAÍ,0.704
4315313,QUATRO IRMÃOS,0.689
4315321,QUEVEDOS,0.665
4315354,QUINZE DE NOVEMBRO,0.756
4315404,REDENTORA,0.631
4315453,RELVADO,0.731
4315503,RESTINGA SECA,0.683
4315552,RIO DOS ÍNDIOS,0.656
4315602,RIO GRANDE,0.744
4315701,RIO PARDO,0.693
4315750,RIOZINHO,0.661
4315800,ROCA SALES,0.729
4315909,RODEIO BONITO,0.732
4315958,ROLADOR,0.689
4316006,ROLANTE,0.688
4316105,RONDA ALTA,0.724
4316204,RONDINHA,0.764
4316303,ROQUE GONZALES,0.688
4316402,ROSÁRIO DO SUL,0.699
4316428,SAGRADA FAMÍLIA,0.678
4316436,SALDANHA MARINHO,0.762
4316451,SALTO DO JACUÍ,0.687
4316477,SALVADOR DAS MISSÕES,0.753
4316501,SALVADOR DO SUL,0.74
4316600,SANANDUVA,0.747
4316709,SANTA BÁRBARA DO SUL,0.725
4316733,SANTA CECÍLIA DO SUL,0.725
4316758,SANTA CLARA DO SUL,0.74
4316808,SANTA CRUZ DO SUL,0.773
4316907,SANTA MARIA,0.784
4316956,SANTA MARIA DO HERVAL,0.676
4316972,SANTA MARGARIDA DO SUL,0.663
4317004,SANTANA DA BOA VISTA,0.633
4317103,SANT'ANA DO LIVRAMENTO,0.727
4317202,SANTA ROSA,0.769
4317251,SANTA TEREZA,0.746
4317301,SANTA VITÓRIA DO PALMAR,0.712
4317400,SANTIAGO,0.766
4317509,SANTO ÂNGELO,0.772
4317558,SANTO ANTÔNIO DO PALMA,0.764
4317608,SANTO ANTÔNIO DA PATRULHA,0.717
4317707,SANTO ANTÔNIO DAS MISSÕES,0.686
4317756,SANTO ANTÔNIO DO PLANALTO,0.759
4317806,SANTO AUGUSTO,0.739
4317905,SANTO CRISTO,0.738
4317954,SANTO EXPEDITO DO SUL,0.732
4318002,SÃO BORJA,0.736
4318051,SÃO DOMINGOS DO SUL,0.763
4318101,SÃO FRANCISCO DE ASSIS,0.675
4318200,SÃO FRANCISCO DE PAULA,0.685
4318309,SÃO GABRIEL,0.699
4318408,SÃO JERÔNIMO,0.696
4318424,SÃO JOÃO DA URTIGA,0.694
4318432,SÃO JOÃO DO POLÊSINE,0.748
4318440,SÃO JORGE,0.732
4318457,SÃO JOSÉ DAS MISSÕES,0.651
4318465,SÃO JOSÉ DO HERVAL,0.717
4318481,SÃO JOSÉ DO HORTÊNCIO,0.707
4318499,SÃO JOSÉ DO INHACORÁ,0.747
4318507,SÃO JOSÉ DO NORTE,0.623
4318606,SÃO JOSÉ DO OURO,0.755
4318614,SÃO JOSÉ DO SUL,0.725
4318622,SÃO JOSÉ DOS AUSENTES,0.663
4318705,SÃO LEOPOLDO,0.739
4318804,SÃO LOURENÇO DO SUL,0.687
4318903,SÃO LUIZ GONZAGA,0.741
4319000,SÃO MARCOS,0.768
4319109,SÃO MARTINHO,0.726
4319125,SÃO MARTINHO DA SERRA,0.652
4319158,SÃO MIGUEL DAS MISSÕES,0.667
4319208,SÃO NICOLAU,0.645
4319307,SÃO PAULO DAS MISSÕES,0.692
4319356,SÃO PEDRO DA SERRA,0.739
4319364,SÃO PEDRO DAS MISSÕES,0.664
4319372,SÃO PEDRO DO BUTIÁ,0.763
4319406,SÃO PEDRO DO SUL,0.709
4319505,SÃO SEBASTIÃO DO CAÍ,0.739
4319604,SÃO SEPÉ,0.708
4319703,SÃO VALENTIM,0.72
4319711,SÃO VALENTIM DO SUL,0.764
4319737,SÃO VALÉRIO DO SUL,0.642
4319752,SÃO VENDELINO,0.754
4319802,SÃO VICENTE DO SUL,0.685
4319901,SAPIRANGA,0.711
4320008,SAPUCAIA DO SUL,0.726
4320107,SARANDI,0.777
4320206,SEBERI,0.723
4320230,SEDE NOVA,0.712
4320263,SEGREDO,0.659
4320305,SELBACH,0.777
4320321,SENADOR SALGADO FILHO,0.693
4320354,SENTINELA DO SUL,0.671
4320404,SERAFINA CORRÊA,0.76
4320453,SÉRIO,0.652
4320503,SERTÃO,0.751
4320552,SERTÃO SANTANA,0.689
4320578,SETE DE SETEMBRO,0.683
4320602,SEVERIANO DE ALMEIDA,0.752
4320651,SILVEIRA MARTINS,0.742
4320677,SINIMBU,0.631
4320701,SOBRADINHO,0.743
4320800,SOLEDADE,0.731
4320859,TABAÍ,0.701
4320909,TAPEJARA,0.76
4321006,TAPERA,0.747
4321105,TAPES,0.695
4321204,TAQUARA,0.727
4321303,TAQUARI,0.733
4321329,TAQUARUÇU DO SUL,0.739
4321352,TAVARES,0.656
4321402,TENENTE PORTELA,0.708
4321436,TERRA DE AREIA,0.689
4321451,TEUTÔNIA,0.747
4321469,TIO HUGO,0.742
4321477,TIRADENTES DO SUL,0.689
4321493,TOROPI,0.683
4321501,TORRES,0.762
4321600,TRAMANDAÍ,0.719
4321626,TRAVESSEIRO,0.701
4321634,TRÊS ARROIOS,0.791
4321667,TRÊS CACHOEIRAS,0.718
4321709,TRÊS COROAS,0.71
4321808,TRÊS DE MAIO,0.759
4321832,TRÊS FORQUILHAS,0.662
4321857,TRÊS PALMEIRAS,0.703
4321907,TRÊS PASSOS,0.768
4321956,TRINDADE DO SUL,0.687
4322004,TRIUNFO,0.733
4322103,TUCUNDUVA,0.747
4322152,TUNAS,0.657
4322186,TUPANCI DO SUL,0.694
4322202,TUPANCIRETÃ,0.709
4322251,TUPANDI,0.718
4322301,TUPARENDI,0.728
4322327,TURUÇU,0.629
4322343,UBIRETAMA,0.7
4322350,UNIÃO DA SERRA,0.733
4322376,UNISTALDA,0.649
4322400,URUGUAIANA,0.744
4322509,VACARIA,0.721
4322525,VALE VERDE,0.646
4322533,VALE DO SOL,0.624
4322541,VALE REAL,0.737
4322558,VANINI,0.757
4322608,VENÂNCIO AIRES,0.712
4322707,VERA CRUZ,0.737
4322806,VERANÓPOLIS,0.773
4322855,VESPASIANO CORREA,0.723
4322905,VIADUTOS,0.702
4323002,VIAMÃO,0.717
4323101,VICENTE DUTRA,0.638
4323200,VICTOR GRAEFF,0.777
4323309,VILA FLORES,0.742
4323358,VILA LÂNGARO,0.705
4323408,VILA MARIA,0.761
4323457,VILA NOVA DO SUL,0.662
4323507,VISTA ALEGRE,0.739
4323606,VISTA ALEGRE DO PRATA,0.78
4323705,VISTA GAÚCHA,0.757
4323754,VITÓRIA DAS MISSÕES,0.655
4323770,WESTFALIA,0.752
4323804,XANGRI-LÁ,0.735
5000203,ÁGUA CLARA,0.67
5000252,ALCINÓPOLIS,0.711
5000609,AMAMBAI,0.673
5000708,ANASTÁCIO,0.663
5000807,ANAURILÂNDIA,0.67
5000856,ANGÉLICA,0.697
5000906,ANTÔNIO JOÃO,0.643
5001003,APARECIDA DO TABOADO,0.697
5001102,AQUIDAUANA,0.688
5001243,ARAL MOREIRA,0.633
5001508,BANDEIRANTES,0.681
5001904,BATAGUASSU,0.71
5002001,BATAYPORÃ,0.684
5002100,BELA VISTA,0.698
5002159,BODOQUENA,0.666
5002209,BONITO,0.67
5002308,BRASILÂNDIA,0.701
5002407,CAARAPÓ,0.692
5002605,CAMAPUÃ,0.703
5002704,CAMPO GRANDE,0.784
5002803,CARACOL,0.647
5002902,CASSILÂNDIA,0.727
5002951,CHAPADÃO DO SUL,0.754
5003108,CORGUINHO,0.671
5003157,CORONEL SAPUCAIA,0.589
5003207,CORUMBÁ,0.7
5003256,COSTA RICA,0.706
5003306,COXIM,0.703
5003454,DEODÁPOLIS,0.694
5003488,DOIS IRMÃOS DO BURITI,0.639
5003504,DOURADINA,0.699
5003702,DOURADOS,0.747
5003751,ELDORADO,0.684
5003801,FÁTIMA DO SUL,0.714
5003900,FIGUEIRÃO,0.66
5004007,GLÓRIA DE DOURADOS,0.721
5004106,GUIA LOPES DA LAGUNA,0.675
5004304,IGUATEMI,0.662
5004403,INOCÊNCIA,0.681
5004502,ITAPORÃ,0.654
5004601,ITAQUIRAÍ,0.62
5004700,IVINHEMA,0.72
5004809,JAPORÃ,0.526
5004908,JARAGUARI,0.664
5005004,JARDIM,0.712
5005103,JATEÍ,0.708
5005152,JUTI,0.623
5005202,LADÁRIO,0.704
5005251,LAGUNA CARAPÃ,0.672
5005400,MARACAJU,0.736
5005608,MIRANDA,0.632
5005681,MUNDO NOVO,0.686
5005707,NAVIRAÍ,0.7
5005806,NIOAQUE,0.639
5006002,NOVA ALVORADA DO SUL,0.694
5006200,NOVA ANDRADINA,0.721
5006259,NOVO HORIZONTE DO SUL,0.649
5006309,PARANAÍBA,0.721
5006358,PARANHOS,0.588
5006408,PEDRO GOMES,0.671
5006606,PONTA PORÃ,0.701
5006903,PORTO MURTINHO,0.666
5007109,RIBAS DO RIO PARDO,0.664
5007208,RIO BRILHANTE,0.715
5007307,RIO NEGRO,0.709
5007406,RIO VERDE DE MATO GROSSO,0.673
5007505,ROCHEDO,0.651
5007554,SANTA RITA DO PARDO,0.642
5007695,SÃO GABRIEL DO OESTE,0.729
5007703,SETE QUEDAS,0.614
5007802,SELVÍRIA,0.682
5007901,SIDROLÂNDIA,0.686
5007935,SONORA,0.681
5007950,TACURU,0.593
5007976,TAQUARUSSU,0.651
5008008,TERENOS,0.658
5008305,TRÊS LAGOAS,0.744
5008404,VICENTINA,0.711
5100102,ACORIZAL,0.628
5100201,ÁGUA BOA,0.729
5100250,ALTA FLORESTA,0.714
5100300,ALTO ARAGUAIA,0.704
5100359,ALTO BOA VISTA,0.651
5100409,ALTO GARÇAS,0.701
5100508,ALTO PARAGUAI,0.638
5100607,ALTO TAQUARI,0.705
5100805,APIACÁS,0.675
5101001,ARAGUAIANA,0.687
5101209,ARAGUAINHA,0.701
5101258,ARAPUTANGA,0.725
5101308,ARENÁPOLIS,0.704
5101407,ARIPUANÃ,0.675
5101605,BARÃO DE MELGAÇO,0.6
5101704,BARRA DO BUGRES,0.693
5101803,BARRA DO GARÇAS,0.748
5101852,BOM JESUS DO ARAGUAIA,0.661
5101902,BRASNORTE,0.696
5102504,CÁCERES,0.708
5102603,CAMPINÁPOLIS,0.538
5102637,CAMPO NOVO DO PARECIS,0.734
5102678,CAMPO VERDE,0.75
5102686,CAMPOS DE JÚLIO,0.744
5102694,CANABRAVA DO NORTE,0.667
5102702,CANARANA,0.693
5102793,CARLINDA,0.665
5102850,CASTANHEIRA,0.665
5103007,CHAPADA DOS GUIMARÃES,0.688
5103056,CLÁUDIA,0.699
5103106,COCALINHO,0.66
5103205,COLÍDER,0.713
5103254,COLNIZA,0.611
5103304,COMODORO,0.689
5103353,CONFRESA,0.668
5103361,CONQUISTA D'OESTE,0.718
5103379,COTRIGUAÇU,0.601
5103403,CUIABÁ,0.785
5103437,CURVELÂNDIA,0.69
5103452,DENISE,0.683
5103502,DIAMANTINO,0.718
5103601,DOM AQUINO,0.69
5103700,FELIZ NATAL,0.692
5103809,FIGUEIRÓPOLIS D'OESTE,0.679
5103858,GAÚCHA DO NORTE,0.615
5103908,GENERAL CARNEIRO,0.67
5103957,GLÓRIA D'OESTE,0.71
5104104,GUARANTÃ DO NORTE,0.703
5104203,GUIRATINGA,0.705
5104500,INDIAVAÍ,0.661
5104526,IPIRANGA DO NORTE,0.727
5104542,ITANHANGÁ,0.71
5104559,ITAÚBA,0.69
5104609,ITIQUIRA,0.693
5104807,JACIARA,0.735
5104906,JANGADA,0.63
5105002,JAURU,0.673
5105101,JUARA,0.682
5105150,JUÍNA,0.716
5105176,JURUENA,0.662
5105200,JUSCIMEIRA,0.714
5105234,LAMBARI D'OESTE,0.627
5105259,LUCAS DO RIO VERDE,0.768
5105309,LUCIARA,0.676
5105507,VILA BELA DA SANTÍSSIMA TRINDADE,0.645
5105580,MARCELÂNDIA,0.701
5105606,MATUPÁ,0.716
5105622,MIRASSOL D'OESTE,0.704
5105903,NOBRES,0.699
5106000,NORTELÂNDIA,0.702
5106109,NOSSA SENHORA DO LIVRAMENTO,0.638
5106158,NOVA BANDEIRANTES,0.65
5106174,NOVA NAZARÉ,0.595
5106182,NOVA LACERDA,0.636
5106190,NOVA SANTA HELENA,0.714
5106208,NOVA BRASILÂNDIA,0.651
5106216,NOVA CANAÃ DO NORTE,0.686
5106224,NOVA MUTUM,0.758
5106232,NOVA OLÍMPIA,0.682
5106240,NOVA UBIRATÃ,0.669
5106257,NOVA XAVANTINA,0.704
5106265,NOVO MUNDO,0.674
5106273,NOVO HORIZONTE DO NORTE,0.664
5106281,NOVO SÃO JOAQUIM,0.649
5106299,PARANAÍTA,0.672
5106307,PARANATINGA,0.667
5106315,NOVO SANTO ANTÔNIO,0.653
5106372,PEDRA PRETA,0.679
5106422,PEIXOTO DE AZEVEDO,0.649
5106455,PLANALTO DA SERRA,0.656
5106505,POCONÉ,0.652
5106653,PONTAL DO ARAGUAIA,0.734
5106703,PONTE BRANCA,0.686
5106752,PONTES E LACERDA,0.703
5106778,PORTO ALEGRE DO NORTE,0.673
5106802,PORTO DOS GAÚCHOS,0.685
5106828,PORTO ESPERIDIÃO,0.652
5106851,PORTO ESTRELA,0.599
5107008,POXORÉO,0.678
5107040,PRIMAVERA DO LESTE,0.752
5107065,QUERÊNCIA,0.692
5107107,SÃO JOSÉ DOS QUATRO MARCOS,0.719
5107156,RESERVA DO CABAÇAL,0.676
5107180,RIBEIRÃO CASCALHEIRA,0.67
5107198,RIBEIRÃOZINHO,0.692
5107206,RIO BRANCO,0.707
5107248,SANTA CARMEM,0.715
5107263,SANTO AFONSO,0.689
5107297,SÃO JOSÉ DO POVO,0.661
5107305,SÃO JOSÉ DO RIO CLARO,0.682
5107354,SÃO JOSÉ DO XINGU,0.657
5107404,SÃO PEDRO DA CIPA,0.66
5107578,RONDOLÂNDIA,0.64
5107602,RONDONÓPOLIS,0.755
5107701,ROSÁRIO OESTE,0.65
5107743,SANTA CRUZ DO XINGU,0.684
5107750,SALTO DO CÉU,0.666
5107768,SANTA RITA DO TRIVELATO,0.735
5107776,SANTA TEREZINHA,0.609
5107792,SANTO ANTÔNIO DO LESTE,0.655
5107800,SANTO ANTÔNIO DO LEVERGER,0.656
5107859,SÃO FÉLIX DO ARAGUAIA,0.668
5107875,SAPEZAL,0.732
5107883,SERRA NOVA DOURADA,0.664
5107909,SINOP,0.754
5107925,SORRISO,0.744
5107941,TABAPORÃ,0.695
5107958,TANGARÁ DA SERRA,0.729
5108006,TAPURAH,0.714
5108055,TERRA NOVA DO NORTE,0.698
5108105,TESOURO,0.655
5108204,TORIXORÉU,0.716
5108303,UNIÃO DO SUL,0.665
5108352,VALE DE SÃO DOMINGOS,0.656
5108402,VÁRZEA GRANDE,0.734
5108501,VERA,0.68
5108600,VILA RICA,0.688
5108808,NOVA GUARITA,0.688
5108857,NOVA MARILÂNDIA,0.704
5108907,NOVA MARINGÁ,0.663
5108956,NOVA MONTE VERDE,0.691
5200050,ABADIA DE GOIÁS,0.708
5200100,ABADIÂNIA,0.689
5200134,ACREÚNA,0.686
5200159,ADELÂNDIA,0.702
5200175,ÁGUA FRIA DE GOIÁS,0.671
5200209,ÁGUA LIMPA,0.722
5200258,ÁGUAS LINDAS DE GOIÁS,0.686
5200308,ALEXÂNIA,0.682
5200506,ALOÂNDIA,0.697
5200555,ALTO HORIZONTE,0.719
5200605,ALTO PARAÍSO DE GOIÁS,0.713
5200803,ALVORADA DO NORTE,0.66
5200829,AMARALINA,0.609
5200852,AMERICANO DO BRASIL,0.7
5200902,AMORINÓPOLIS,0.681
5201108,ANÁPOLIS,0.737
5201207,ANHANGUERA,0.725
5201306,ANICUNS,0.714
5201405,APARECIDA DE GOIÂNIA,0.718
5201454,APARECIDA DO RIO DOCE,0.693
5201504,APORÉ,0.693
5201603,ARAÇU,0.693
5201702,ARAGARÇAS,0.732
5201801,ARAGOIÂNIA,0.684
5202155,ARAGUAPAZ,0.674
5202353,ARENÓPOLIS,0.687
5202502,ARUANÃ,0.675
5202601,AURILÂNDIA,0.7
5202809,AVELINÓPOLIS,0.66
5203104,BALIZA,0.655
5203203,BARRO ALTO,0.742
5203302,BELA VISTA DE GOIÁS,0.716
5203401,BOM JARDIM DE GOIÁS,0.67
5203500,BOM JESUS DE GOIÁS,0.701
5203559,BONFINÓPOLIS,0.683
5203575,BONÓPOLIS,0.63
5203609,BRAZABRANTES,0.701
5203807,BRITÂNIA,0.672
5203906,BURITI ALEGRE,0.71
5203939,BURITI DE GOIÁS,0.687
5203962,BURITINÓPOLIS,0.704
5204003,CABECEIRAS,0.668
5204102,CACHOEIRA ALTA,0.71
5204201,CACHOEIRA DE GOIÁS,0.727
5204250,CACHOEIRA DOURADA,0.698
5204300,CAÇU,0.73
5204409,CAIAPÔNIA,0.693
5204508,CALDAS NOVAS,0.733
5204557,CALDAZINHA,0.685
5204607,CAMPESTRE DE GOIÁS,0.653
5204656,CAMPINAÇU,0.631
5204706,CAMPINORTE,0.688
5204805,CAMPO ALEGRE DE GOIÁS,0.694
5204854,CAMPO LIMPO DE GOIÁS,0.661
5204904,CAMPOS BELOS,0.692
5204953,CAMPOS VERDES,0.654
5205000,CARMO DO RIO VERDE,0.713
5205059,CASTELÂNDIA,0.701
5205109,CATALÃO,0.766
5205208,CATURAÍ,0.664
5205307,CAVALCANTE,0.584
5205406,CERES,0.775
5205455,CEZARINA,0.711
5205471,CHAPADÃO DO CÉU,0.742
5205497,CIDADE OCIDENTAL,0.717
5205513,COCALZINHO DE GOIÁS,0.657
5205521,COLINAS DO SUL,0.658
5205703,CÓRREGO DO OURO,0.686
5205802,CORUMBÁ DE GOIÁS,0.68
5205901,CORUMBAÍBA,0.698
5206206,CRISTALINA,0.699
5206305,CRISTIANÓPOLIS,0.688
5206404,CRIXÁS,0.708
5206503,CROMÍNIA,0.706
5206602,CUMARI,0.737
5206701,DAMIANÓPOLIS,0.654
5206800,DAMOLÂNDIA,0.697
5206909,DAVINÓPOLIS,0.716
5207105,DIORAMA,0.729
5207253,DOVERLÂNDIA,0.668
5207352,EDEALINA,0.702
5207402,EDÉIA,0.739
5207501,ESTRELA DO NORTE,0.707
5207535,FAINA,0.65
5207600,FAZENDA NOVA,0.685
5207808,FIRMINÓPOLIS,0.732
5207907,FLORES DE GOIÁS,0.597
5208004,FORMOSA,0.744
5208103,FORMOSO,0.715
5208152,GAMELEIRA DE GOIÁS,0.659
5208301,DIVINÓPOLIS DE GOIÁS,0.653
5208400,GOIANÁPOLIS,0.703
5208509,GOIANDIRA,0.76
5208608,GOIANÉSIA,0.727
5208707,GOIÂNIA,0.799
5208806,GOIANIRA,0.694
5208905,GOIÁS,0.709
5209101,GOIATUBA,0.725
5209150,GOUVELÂNDIA,0.674
5209200,GUAPÓ,0.697
5209291,GUARAÍTA,0.687
5209408,GUARANI DE GOIÁS,0.637
5209457,GUARINOS,0.652
5209606,HEITORAÍ,0.694
5209705,HIDROLÂNDIA,0.706
5209804,HIDROLINA,0.677
5209903,IACIARA,0.644
5209937,INACIOLÂNDIA,0.692
5209952,INDIARA,0.701
5210000,INHUMAS,0.72
5210109,IPAMERI,0.701
5210158,IPIRANGA DE GOIÁS,0.696
5210208,IPORÁ,0.743
5210307,ISRAELÂNDIA,0.711
5210406,ITABERAÍ,0.719
5210562,ITAGUARI,0.693
5210604,ITAGUARU,0.718
5210802,ITAJÁ,0.691
5210901,ITAPACI,0.725
5211008,ITAPIRAPUÃ,0.677
5211206,ITAPURANGA,0.726
5211305,ITARUMÃ,0.693
5211404,ITAUÇU,0.718
5211503,ITUMBIARA,0.752
5211602,IVOLÂNDIA,0.704
5211701,JANDAIA,0.707
5211800,JARAGUÁ,0.699
5211909,JATAÍ,0.757
5212006,JAUPACI,0.689
5212055,JESÚPOLIS,0.649
5212105,JOVIÂNIA,0.706
5212204,JUSSARA,0.743
5212253,LAGOA SANTA,0.74
5212303,LEOPOLDO DE BULHÕES,0.659
5212501,LUZIÂNIA,0.701
5212600,MAIRIPOTABA,0.745
5212709,MAMBAÍ,0.626
5212808,MARA ROSA,0.691
5212907,MARZAGÃO,0.699
5212956,MATRINCHÃ,0.679
5213004,MAURILÂNDIA,0.677
5213053,MIMOSO DE GOIÁS,0.665
5213087,MINAÇU,0.707
5213103,MINEIROS,0.718
5213400,MOIPORÁ,0.696
5213509,MONTE ALEGRE DE GOIÁS,0.615
5213707,MONTES CLAROS DE GOIÁS,0.707
5213756,MONTIVIDIU,0.733
5213772,MONTIVIDIU DO NORTE,0.613
5213806,MORRINHOS,0.734
5213855,MORRO AGUDO DE GOIÁS,0.695
5213905,MOSSÂMEDES,0.706
5214002,MOZARLÂNDIA,0.683
5214051,MUNDO NOVO,0.634
5214101,MUTUNÓPOLIS,0.68
5214408,NAZÁRIO,0.71
5214507,NERÓPOLIS,0.721
5214606,NIQUELÂNDIA,0.715
5214705,NOVA AMÉRICA,0.678
5214804,NOVA AURORA,0.747
5214838,NOVA CRIXÁS,0.643
5214861,NOVA GLÓRIA,0.681
5214879,NOVA IGUAÇU DE GOIÁS,0.655
5214903,NOVA ROMA,0.634
5215009,NOVA VENEZA,0.718
5215207,NOVO BRASIL,0.699
5215231,NOVO GAMA,0.684
5215256,NOVO PLANALTO,0.658
5215306,ORIZONA,0.715
5215405,OURO VERDE DE GOIÁS,0.719
5215504,OUVIDOR,0.747
5215603,PADRE BERNARDO,0.651
5215652,PALESTINA DE GOIÁS,0.713
5215702,PALMEIRAS DE GOIÁS,0.698
5215801,PALMELO,0.73
5215900,PALMINÓPOLIS,0.722
5216007,PANAMÁ,0.686
5216304,PARANAIGUARA,0.711
5216403,PARAÚNA,0.672
5216452,PEROLÂNDIA,0.676
5216809,PETROLINA DE GOIÁS,0.712
5216908,PILAR DE GOIÁS,0.684
5217104,PIRACANJUBA,0.721
5217203,PIRANHAS,0.721
5217302,PIRENÓPOLIS,0.693
5217401,PIRES DO RIO,0.744
5217609,PLANALTINA,0.669
5217708,PONTALINA,0.687
5218003,PORANGATU,0.727
5218052,PORTEIRÃO,0.684
5218102,PORTELÂNDIA,0.654
5218300,POSSE,0.659
5218391,PROFESSOR JAMIL,0.684
5218508,QUIRINÓPOLIS,0.74
5218607,RIALMA,0.727
5218706,RIANÁPOLIS,0.693
5218789,RIO QUENTE,0.731
5218805,RIO VERDE,0.754
5218904,RUBIATABA,0.719
5219001,SANCLERLÂNDIA,0.736
5219100,SANTA BÁRBARA DE GOIÁS,0.706
5219209,SANTA CRUZ DE GOIÁS,0.688
5219258,SANTA FÉ DE GOIÁS,0.713
5219308,SANTA HELENA DE GOIÁS,0.724
5219357,SANTA ISABEL,0.683
5219407,SANTA RITA DO ARAGUAIA,0.714
5219456,SANTA RITA DO NOVO DESTINO,0.634
5219506,SANTA ROSA DE GOIÁS,0.701
5219605,SANTA TEREZA DE GOIÁS,0.665
5219704,SANTA TEREZINHA DE GOIÁS,0.701
5219712,SANTO ANTÔNIO DA BARRA,0.691
5219738,SANTO ANTÔNIO DE GOIÁS,0.723
5219753,SANTO ANTÔNIO DO DESCOBERTO,0.665
5219803,SÃO DOMINGOS,0.597
5219902,SÃO FRANCISCO DE GOIÁS,0.651
5220009,SÃO JOÃO D'ALIANÇA,0.685
5220058,SÃO JOÃO DA PARAÚNA,0.724
5220108,SÃO LUÍS DE MONTES BELOS,0.731
5220157,SÃO LUÍZ DO NORTE,0.669
5220207,SÃO MIGUEL DO ARAGUAIA,0.664
5220264,SÃO MIGUEL DO PASSA QUATRO,0.697
5220280,SÃO PATRÍCIO,0.693
5220405,SÃO SIMÃO,0.72
5220454,SENADOR CANEDO,0.701
5220504,SERRANÓPOLIS,0.681
5220603,SILVÂNIA,0.709
5220686,SIMOLÂNDIA,0.645
5220702,SÍTIO D'ABADIA,0.617
5221007,TAQUARAL DE GOIÁS,0.716
5221080,TERESINA DE GOIÁS,0.661
5221197,TEREZÓPOLIS DE GOIÁS,0.685
5221304,TRÊS RANCHOS,0.745
5221403,TRINDADE,0.699
5221452,TROMBAS,0.653
5221502,TURVÂNIA,0.697
5221551,TURVELÂNDIA,0.691
5221577,UIRAPURU,0.67
5221601,URUAÇU,0.737
5221700,URUANA,0.703
5221809,URUTAÍ,0.732
5221858,VALPARAÍSO DE GOIÁS,0.746
5221908,VARJÃO,0.687
5222005,VIANÓPOLIS,0.712
5222054,VICENTINÓPOLIS,0.684
5222203,VILA BOA,0.647
5222302,VILA PROPÍCIO,0.634
5300108,BRASÍLIA,0.824
